Year,United States,Japan,Germany,UK,India,China,Indonesia,Nigeria,Brazil,Russia,Mexico,Iran,Turkey,France,Italy,South Korea,Spain,Canada,Netherlands,Saudi Arabia,Poland,Venezuela,Australia,Sweden,Switzerland,Argentina
2025,"341,784,857","123,366,734","83,491,249","69,487,000","1,463,865,525","1,406,585,000","285,721,236","237,527,782","212,812,405","143,513,328","131,946,900","92,417,681","85,878,556","68,720,337","58,915,656","51,684,564","49,355,143","41,651,653","18,087,633","36,973,555","36,435,861","28,516,896","27,614,411","10,596,620","9,092,436","45,851,378"
2024,"340,003,797","123,975,371","83,516,593","69,281,000","1,450,935,791","1,408,975,000","283,487,931","232,679,478","211,998,573","143,669,648","130,861,007","91,567,738","85,518,661","68,551,653","58,952,704","51,751,065","48,848,840","41,262,329","17,993,485","35,300,280","36,559,233","28,405,543","27,194,286","10,569,709","9,005,582","45,696,159"
2023,"336,755,052","124,516,650","83,287,273","68,526,000","1,438,069,596","1,410,710,000","281,190,067","227,882,945","211,140,729","143,826,130","129,739,759","90,608,707","85,325,965","68,372,286","58,984,216","51,712,619","48,352,528","40,049,088","17,877,117","33,702,731","36,687,353","28,300,854","26,659,922","10,536,632","8,888,822","45,538,401"
2022,"333,996,304","125,124,989","83,177,813","67,636,000","1,425,423,212","1,412,175,000","278,830,529","223,150,896","210,306,415","144,236,933","128,613,117","89,524,246","84,979,913","68,184,457","59,013,667","51,672,569","47,786,102","38,950,132","17,700,982","32,175,224","36,821,749","28,213,017","26,018,721","10,486,941","8,777,088","45,407,904"
2021,"332,100,166","125,681,593","83,196,078","66,978,000","1,414,203,896","1,412,360,000","276,758,053","218,529,286","209,550,294","144,746,762","127,648,148","88,455,488","84,147,318","67,842,811","59,133,173","51,769,539","47,443,821","38,239,864","17,533,044","30,784,383","36,981,559","28,237,826","25,685,412","10,415,811","8,704,546","45,312,281"
2020,"331,578,104","126,261,000","83,160,871","66,740,000","1,402,617,695","1,411,100,000","274,814,866","213,996,181","208,660,842","145,245,148","126,799,054","87,723,443","83,384,680","67,601,110","59,438,851","51,836,239","47,359,424","38,028,638","17,441,500","31,552,510","37,515,748","28,444,077","25,649,248","10,353,442","8,638,167","45,191,965"
2019,"330,226,227","126,633,000","83,092,962","66,628,000","1,389,030,312","1,407,745,000","272,489,381","209,485,641","207,455,459","145,453,291","125,762,982","87,051,648","82,579,440","67,382,061","59,729,081","51,764,822","47,118,501","37,618,495","17,344,874","30,063,799","37,965,475","28,938,098","25,334,826","10,278,887","8,575,280","44,973,465"
2018,"328,529,577","126,811,000","82,905,782","66,287,000","1,374,659,064","1,402,760,000","269,951,846","204,938,755","206,107,261","145,398,106","124,573,711","86,117,998","81,407,204","67,158,348","59,877,221","51,585,058","46,782,011","37,072,620","17,231,624","30,196,281","37,974,750","29,807,592","24,963,258","10,175,214","8,514,329","44,654,882"
2017,"326,608,609","126,972,000","82,657,002","65,964,000","1,359,657,400","1,396,215,000","267,346,658","200,254,579","204,703,445","145,293,260","123,400,057","85,026,754","80,312,698","66,918,020","60,002,252","51,361,911","46,571,232","36,545,075","17,131,296","30,977,355","37,974,826","30,565,323","24,592,588","10,057,698","8,451,840","44,288,894"
2016,"324,353,340","127,076,000","82,348,669","65,606,000","1,343,944,296","1,387,790,000","264,627,418","195,443,700","203,218,114","145,015,460","122,251,351","83,812,228","79,277,962","66,724,104","60,115,223","51,217,803","46,458,139","36,110,803","17,030,314","30,954,198","37,970,087","30,765,720","24,190,907","9,923,085","8,373,338","43,900,313"
2015,"321,815,121","127,141,000","81,686,611","65,087,000","1,328,024,498","1,379,860,000","261,799,249","190,671,878","201,675,532","144,640,716","121,072,306","82,619,362","78,218,479","66,548,272","60,229,605","51,014,947","46,422,303","35,704,498","16,939,923","29,816,382","37,986,412","30,573,972","23,815,995","9,799,186","8,282,396","43,477,012"
2014,"319,257,560","127,276,000","80,982,500","64,619,000","1,312,277,191","1,371,860,000","258,877,399","185,896,915","200,085,127","144,237,223","119,784,261","81,502,045","77,181,884","66,312,067","60,320,707","50,746,659","46,460,733","35,434,066","16,865,008","28,309,273","38,011,735","30,254,079","23,475,686","9,696,110","8,188,649","43,024,071"
2013,"316,726,282","127,445,000","80,645,605","64,138,000","1,295,829,511","1,363,240,000","255,852,467","181,049,443","198,478,299","143,805,638","118,343,573","80,414,686","76,147,624","65,997,932","60,311,613","50,428,893","46,604,197","35,080,992","16,804,432","27,624,004","38,040,196","29,912,198","23,128,129","9,600,379","8,089,346","42,582,455"
2012,"314,339,099","127,629,000","80,425,823","63,711,000","1,278,674,502","1,354,190,000","252,698,525","176,200,625","196,876,111","143,378,447","116,818,208","79,370,580","75,175,827","65,657,659","60,191,247","50,199,853","46,773,055","34,713,395","16,754,962","26,168,861","38,063,164","29,553,826","22,733,465","9,519,374","7,996,861","42,161,721"
2011,"311,839,461","127,833,000","80,274,983","63,258,810","1,261,224,954","1,345,035,000","249,470,032","171,379,598","195,284,734","143,018,195","115,243,504","78,383,598","74,223,629","65,340,830","60,026,841","49,936,638","46,742,697","34,339,221","16,693,074","25,091,867","38,063,255","29,185,212","22,340,024","9,449,213","7,912,398","41,730,660"
2010,"309,378,227","128,070,000","81,776,930","62,766,365","1,243,481,564","1,337,705,000","246,305,322","166,642,886","193,701,929","142,849,468","113,623,895","77,420,842","73,142,150","65,026,211","59,819,407","49,554,112","46,576,897","34,005,902","16,615,394","23,978,487","38,042,794","28,813,101","22,031,750","9,378,126","7,824,909","41,288,694"
2009,"306,771,529","128,047,000","81,902,307","62,276,270","1,225,524,753","1,331,260,000","243,220,028","162,049,464","192,079,951","142,785,348","111,999,721","76,457,825","72,039,206","64,706,436","59,555,454","49,307,835","46,362,946","33,630,069","16,530,388","24,217,654","38,151,603","28,438,298","21,691,653","9,298,515","7,743,831","40,854,831"
2008,"304,093,966","128,063,000","82,110,097","61,806,995","1,207,930,964","1,324,655,000","240,157,903","157,595,014","190,367,302","142,742,366","110,374,288","75,514,204","71,051,678","64,375,116","59,211,181","49,054,708","45,954,106","33,247,298","16,445,593","23,287,877","38,125,759","28,053,696","21,249,199","9,219,637","7,647,675","40,424,148"
2007,"301,231,207","128,001,000","82,266,372","61,322,463","1,190,676,021","1,317,885,000","237,062,337","153,267,261","188,552,320","142,805,114","108,774,360","74,602,648","70,158,112","64,016,890","58,756,247","48,683,638","45,226,803","32,888,886","16,381,696","22,368,313","38,120,560","27,649,363","20,827,622","9,148,092","7,551,117","40,016,763"
2006,"298,379,912","127,854,000","82,376,451","60,846,820","1,172,878,890","1,311,020,000","233,951,652","149,077,334","186,653,106","143,049,637","107,253,666","73,392,747","70,045,349","63,622,342","58,399,861","48,438,292","44,397,319","32,571,193","16,346,101","21,459,144","38,141,267","27,224,686","20,450,966","9,080,505","7,483,934","39,622,115"
2005,"295,516,599","127,773,000","82,469,422","60,401,206","1,154,676,322","1,303,720,000","230,871,650","145,017,253","184,688,101","143,518,814","105,811,504","71,828,455","69,329,557","63,180,854","58,166,682","48,184,561","43,653,155","32,242,732","16,319,868","20,559,890","38,165,445","26,785,804","20,176,844","9,029,572","7,437,115","39,216,789"
2004,"292,805,298","127,761,000","82,516,260","59,987,905","1,135,991,513","1,296,075,000","227,926,649","141,057,045","182,675,143","144,067,316","104,394,131","70,256,316","68,592,617","62,707,588","57,828,179","48,082,519","42,921,895","31,938,807","16,281,779","19,669,480","38,182,222","26,340,838","19,932,722","8,993,531","7,389,625","38,815,916"
2003,"290,107,933","127,718,000","82,534,176","59,647,577","1,116,803,006","1,288,400,000","225,048,008","137,202,644","180,622,688","144,648,618","102,978,515","68,769,340","67,831,730","62,249,855","57,399,184","47,892,330","42,187,645","31,642,461","16,225,302","18,786,767","38,204,570","25,892,703","19,720,737","8,958,229","7,339,001","38,424,282"
2002,"287,625,193","127,445,000","82,488,495","59,370,479","1,097,600,380","1,280,400,000","222,088,495","133,471,989","178,503,484","145,306,497","101,548,624","68,011,317","67,048,795","61,812,142","57,089,824","47,644,736","41,431,558","31,359,199","16,148,929","17,910,910","38,230,364","25,435,671","19,495,210","8,924,958","7,284,753","38,029,349"
2001,"284,968,955","127,149,000","82,349,925","59,119,673","1,077,898,575","1,271,850,000","219,097,902","129,862,595","176,301,203","145,976,482","100,099,099","67,452,005","66,245,128","61,364,377","56,976,981","47,370,164","40,850,412","31,020,855","16,046,180","17,041,397","38,248,076","24,979,922","19,274,701","8,895,960","7,229,854","37,624,825"
2000,"282,162,411","126,843,000","82,211,508","58,892,514","1,057,922,733","1,262,645,000","216,077,790","126,382,494","174,018,282","146,596,869","98,625,552","66,418,659","65,425,961","60,918,661","56,942,108","47,008,111","40,567,864","30,685,730","15,925,513","16,177,722","38,258,629","24,526,708","19,028,802","8,872,109","7,184,250","37,213,984"
1999,"279,040,000","126,631,000","82,100,243","58,682,466","1,038,225,823","1,252,735,000","213,004,668","123,047,320","171,641,543","147,214,776","97,115,707","65,445,391","64,591,923","60,501,986","56,916,317","46,616,677","40,386,875","30,401,286","15,812,088","15,472,075","38,660,271","24,066,593","18,812,264","8,857,874","7,143,991","36,794,682"
1998,"275,854,000","126,400,000","82,047,195","58,487,141","1,018,665,080","1,241,935,000","209,826,788","119,846,254","169,159,655","147,670,784","95,575,245","64,519,859","63,734,383","60,190,684","56,906,744","46,286,503","40,223,509","30,155,173","15,707,209","14,922,185","38,663,481","23,601,337","18,607,584","8,850,974","7,110,001","36,372,860"
1997,"272,657,000","126,057,000","82,034,771","58,316,954","999,133,762","1,230,075,000","206,536,095","116,754,792","166,661,659","147,915,361","94,021,207","63,639,638","62,852,966","59,968,066","56,890,372","45,953,580","40,057,389","29,905,948","15,610,650","14,374,943","38,649,660","23,131,685","18,423,037","8,846,062","7,088,906","35,947,791"
1996,"269,394,000","125,757,000","81,914,831","58,166,950","979,678,458","1,217,550,000","203,204,348","113,754,779","164,202,549","148,160,129","92,452,702","62,881,300","61,951,134","59,754,504","56,860,281","45,524,681","39,889,852","29,610,218","15,530,498","13,831,009","38,624,370","22,662,113","18,224,767","8,840,998","7,071,850","35,513,793"
1995,"266,278,000","125,472,000","81,678,051","58,019,030","960,301,044","1,204,855,000","199,888,057","110,819,428","161,735,073","148,375,787","90,862,455","62,205,567","61,024,503","59,541,294","56,844,303","45,092,991","39,724,050","29,302,311","15,459,006","13,289,245","38,594,998","22,193,821","18,004,882","8,826,939","7,040,687","35,070,020"
1994,"263,126,000","125,178,000","81,438,348","57,865,745","941,163,767","1,191,835,000","196,591,828","107,935,714","159,265,006","148,407,912","89,259,205","61,520,598","60,033,836","59,324,863","56,843,400","44,641,540","39,549,108","29,000,663","15,382,838","12,750,040","38,542,652","21,725,188","17,805,468","8,780,745","6,993,795","34,613,491"
1993,"259,919,000","124,829,000","81,156,363","57,718,614","922,118,387","1,178,440,000","193,305,168","105,122,069","156,794,577","148,458,777","87,653,807","61,403,543","58,999,167","59,103,094","56,831,821","44,194,628","39,361,262","28,684,764","15,290,368","12,215,862","38,461,408","21,254,520","17,634,808","8,718,561","6,938,265","34,152,717"
1992,"256,514,000","124,425,000","80,624,598","57,580,402","902,957,070","1,164,970,000","190,043,744","102,372,770","154,275,079","148,538,197","86,044,809","61,184,983","57,990,118","58,846,584","56,797,087","43,747,962","39,157,685","28,371,264","15,184,166","11,686,676","38,363,667","20,780,948","17,478,635","8,668,067","6,875,364","33,693,527"
1991,"252,981,000","123,964,000","80,013,896","57,424,897","883,927,600","1,150,780,000","186,778,238","99,720,162","151,724,256","148,394,216","84,430,572","59,986,931","57,009,887","58,554,242","56,758,521","43,295,704","38,966,376","28,037,420","15,069,798","11,160,744","38,246,193","20,304,896","17,284,036","8,617,375","6,799,978","33,230,294"
1990,"249,623,000","123,478,000","79,433,029","57,247,586","864,972,221","1,135,185,000","183,501,098","97,120,925","149,143,223","147,969,406","82,820,170","58,380,092","56,015,628","58,261,012","56,719,240","42,869,283","38,867,322","27,691,138","14,951,510","10,640,691","38,110,782","19,827,010","17,065,128","8,558,835","6,715,519","32,755,901"
1989,"246,819,000","123,069,000","78,751,283","57,076,711","846,039,529","1,118,650,000","180,201,630","94,531,014","146,502,972","147,721,000","81,247,182","56,704,914","54,976,723","57,943,062","56,671,781","42,449,038","38,827,764","27,276,781","14,848,907","10,128,394","37,961,529","19,348,921","16,814,416","8,492,964","6,646,912","32,270,948"
1988,"244,499,000","122,578,000","78,144,619","56,928,327","827,342,990","1,101,630,000","176,855,065","92,020,090","143,826,357","146,857,000","79,695,531","55,072,694","53,909,626","57,598,186","56,629,288","42,031,247","38,766,939","26,791,747","14,760,094","9,629,165","37,824,487","18,871,020","16,532,164","8,436,489","6,593,386","31,780,532"
1987,"242,289,000","122,069,000","77,839,920","56,802,050","808,931,270","1,084,035,000","173,511,154","89,591,716","141,104,944","145,908,000","78,136,651","53,323,493","52,843,670","57,266,167","56,601,931","41,621,690","38,684,815","26,446,601","14,665,037","9,130,194","37,668,045","18,394,963","16,263,874","8,397,804","6,545,106","31,291,762"
1986,"240,133,000","121,482,000","77,720,436","56,681,396","790,689,978","1,066,790,000","170,175,065","87,235,953","138,336,370","144,894,000","76,585,637","51,446,045","51,777,772","56,956,002","56,596,155","41,213,674","38,584,624","26,100,278","14,572,278","8,628,639","37,456,119","17,923,536","16,018,350","8,369,829","6,504,124","30,811,980"
1985,"237,924,000","120,837,000","77,684,873","56,550,268","772,647,793","1,051,040,000","166,776,185","84,897,973","135,515,595","143,858,000","75,043,414","49,582,289","50,687,115","56,665,619","56,593,071","40,805,744","38,469,512","25,842,116","14,491,632","8,151,779","37,201,885","17,461,434","15,788,312","8,350,386","6,470,365","30,336,441"
1984,"235,825,000","120,083,000","77,858,685","56,422,072","754,875,449","1,036,825,000","163,251,124","82,526,443","132,658,864","142,745,000","73,506,846","47,793,998","49,574,069","56,383,085","56,576,718","40,405,956","38,330,364","25,607,053","14,424,211","7,697,307","36,904,134","17,008,841","15,579,391","8,336,605","6,441,865","29,863,093"
1983,"233,792,000","119,307,000","78,128,282","56,332,848","737,372,681","1,023,310,000","159,651,381","80,438,260","129,790,077","141,668,000","71,971,240","46,029,535","48,447,410","56,108,330","56,564,074","39,910,403","38,171,525","25,366,451","14,367,070","7,252,941","36,571,808","16,562,205","15,393,472","8,329,033","6,418,773","29,391,332"
1982,"231,664,000","118,480,000","78,333,366","56,313,641","720,313,473","1,008,630,000","156,052,152","78,378,701","126,923,155","140,823,000","70,433,260","44,272,141","47,322,096","55,806,789","56,543,548","39,326,352","37,986,012","25,116,942","14,312,690","6,824,486","36,230,481","16,121,874","15,184,247","8,325,263","6,391,309","28,924,262"
1981,"229,466,000","117,661,000","78,407,907","56,333,829","703,696,250","993,885,000","152,485,035","76,068,103","124,063,109","139,941,000","68,892,108","41,989,312","46,321,190","55,603,353","56,501,675","38,723,248","37,758,631","24,819,915","14,247,208","6,420,551","35,898,587","15,687,297","14,923,260","8,320,503","6,354,074","28,463,959"
1980,"227,225,000","116,807,000","78,288,576","56,314,216","687,354,025","981,235,000","148,950,540","73,764,641","121,207,461","139,010,000","67,300,334","39,842,324","45,408,815","55,274,184","56,433,883","38,123,775","37,491,165","24,515,667","14,149,800","6,047,997","35,574,150","15,258,218","14,692,000","8,310,531","6,319,408","28,011,596"
1979,"225,055,000","115,890,000","78,126,350","56,246,951","671,155,747","969,005,000","145,434,834","71,498,242","118,380,821","138,027,000","65,648,865","38,424,952","44,510,429","54,979,851","56,317,749","37,534,236","37,191,330","24,201,544","14,038,270","5,703,698","35,247,217","14,834,552","14,514,000","8,293,678","6,294,365","27,568,895"
1978,"222,585,000","114,913,000","78,091,820","56,196,504","655,728,229","956,165,000","141,953,163","69,326,532","115,600,942","137,060,000","63,979,046","37,126,535","43,645,306","54,734,030","56,155,143","36,969,185","36,864,898","23,963,203","13,941,700","5,381,902","34,965,600","14,416,684","14,358,000","8,275,599","6,281,738","27,132,158"
1977,"220,239,000","113,872,000","78,159,814","56,193,492","640,801,103","943,455,000","138,533,541","67,234,590","112,875,292","136,100,000","62,308,493","35,933,181","42,773,298","54,486,467","55,955,411","36,411,795","36,511,638","23,725,843","13,856,185","5,083,048","34,689,050","14,006,812","14,192,000","8,251,540","6,281,174","26,701,805"
1976,"218,035,000","112,775,000","78,336,950","56,211,968","625,861,883","930,685,000","135,173,655","65,258,009","110,213,349","135,147,000","60,645,512","34,837,271","41,899,984","54,232,383","55,718,260","35,848,523","36,137,812","23,449,808","13,774,037","4,807,933","34,356,300","13,606,284","14,033,000","8,222,286","6,302,504","26,282,283"
1975,"215,973,000","111,573,000","78,673,554","56,225,800","611,309,535","916,395,000","131,843,848","63,410,815","107,619,565","134,200,000","58,982,400","33,802,973","41,053,126","54,002,853","55,441,001","35,280,725","35,757,900","23,143,275","13,666,335","4,556,287","34,015,199","13,215,892","13,893,000","8,192,437","6,338,632","25,874,107"
1974,"213,854,000","110,162,000","78,967,433","56,229,974","597,041,391","900,350,000","128,555,045","61,679,144","105,089,675","133,432,000","57,320,149","32,796,463","40,210,234","53,746,571","55,110,868","34,692,266","35,373,335","22,807,969","13,545,056","4,323,632","33,678,899","12,835,351","13,723,000","8,159,955","6,341,405","25,461,351"
1973,"211,909,000","108,707,000","78,936,666","56,194,527","583,465,598","881,940,000","125,288,515","60,082,139","102,600,976","132,669,000","55,667,284","31,839,838","39,329,533","53,392,161","54,751,406","34,103,149","34,988,947","22,491,777","13,439,322","4,106,344","33,357,200","12,463,537","13,380,000","8,136,312","6,307,347","25,046,005"
1972,"209,896,000","107,188,000","78,688,452","56,086,065","570,482,142","862,030,000","122,039,841","58,601,748","100,146,797","131,909,000","54,030,168","30,921,179","38,430,221","52,962,356","54,381,345","33,505,406","34,604,469","22,218,463","13,328,593","3,905,722","33,055,650","12,099,180","13,177,000","8,122,300","6,260,956","24,644,328"
1971,"207,661,000","105,697,000","78,312,842","55,896,223","558,096,387","841,105,000","118,833,702","57,214,684","97,739,273","131,155,000","52,412,558","30,029,071","37,518,611","52,499,553","54,073,490","32,882,704","34,224,490","21,962,032","13,194,497","3,724,031","32,783,500","11,741,008","12,937,000","8,098,334","6,213,399","24,257,208"
1970,"205,052,000","103,403,000","78,169,289","55,663,250","545,864,268","818,315,000","115,657,495","55,893,838","95,375,651","130,404,000","50,814,953","29,145,100","36,638,465","52,007,169","53,821,850","32,240,827","33,814,531","21,324,000","13,038,526","3,562,470","32,664,300","11,387,790","12,507,000","8,042,801","6,180,877","23,878,327"
1969,"202,677,000","102,219,000","77,909,682","55,441,750","533,880,544","796,025,000","112,517,639","54,631,914","93,045,777","129,664,000","49,233,194","28,273,482","35,787,774","51,536,014","53,537,950","31,544,266","33,441,054","21,028,000","12,877,984","3,417,114","32,548,300","11,040,280","12,263,000","7,968,072","6,136,387","23,508,711"
1968,"200,706,000","101,011,000","77,294,314","55,211,700","522,716,889","774,510,000","109,450,006","53,432,783","90,741,240","128,928,000","47,668,303","27,437,391","34,921,684","51,112,980","53,235,750","30,838,302","33,113,134","20,744,000","12,729,721","3,282,711","32,294,655","10,697,530","12,009,000","7,912,273","6,067,714","23,150,583"
1967,"198,712,000","99,879,000","76,951,336","54,943,600","511,606,372","754,550,000","106,526,393","52,293,065","88,446,124","128,196,000","46,129,608","26,628,432","34,050,421","50,722,791","52,900,500","30,130,983","32,682,947","20,412,000","12,598,201","3,157,242","31,987,155","10,358,513","11,799,000","7,867,931","5,991,785","22,799,059"
1966,"196,560,000","98,851,000","76,600,311","54,648,500","500,740,247","735,400,000","103,792,754","51,188,234","86,139,359","127,468,000","44,629,106","25,829,270","33,177,672","50,311,637","52,519,000","29,435,571","32,283,194","20,048,000","12,456,251","3,039,887","31,681,000","10,024,854","11,651,000","7,807,797","5,918,002","22,453,893"
1965,"194,303,000","97,952,000","75,963,695","54,348,050","490,140,146","715,185,000","101,365,130","50,086,764","83,817,583","126,745,000","43,174,477","25,036,978","32,345,220","49,877,725","52,112,350","28,704,674","31,954,292","19,678,000","12,294,732","2,928,771","31,444,950","9,697,790","11,388,000","7,733,853","5,856,472","22,112,629"
1964,"191,889,000","96,903,000","75,318,337","54,000,000","479,229,598","698,355,000","98,833,749","49,012,016","81,488,595","125,345,000","41,772,049","24,262,859","31,543,072","49,401,492","51,675,350","27,984,155","31,609,195","19,325,000","12,127,120","2,821,968","31,139,450","9,377,712","11,167,000","7,661,354","5,789,228","21,769,453"
1963,"189,242,000","95,900,000","74,714,353","53,650,000","468,138,575","682,335,000","96,051,424","47,973,575","79,164,235","123,960,000","40,424,065","23,519,005","30,726,841","48,877,567",,"27,261,747",,"18,964,000","11,965,966","2,719,341","30,712,000","9,064,021","10,950,000","7,604,328","5,694,247","21,421,705"
1962,"186,538,000","94,933,000","74,025,784","53,250,000","457,283,090","665,770,000","93,375,850","46,965,292","76,865,323","122,591,000","39,129,200","22,807,907","29,916,147","48,389,516",,"26,513,030",,"18,614,000","11,805,689","2,620,910","30,308,500","8,756,870","10,742,000","7,561,588","5,573,815","21,072,538"
1961,"183,691,000","94,055,000","73,377,632","52,800,000","446,564,729","660,330,000","90,791,249","45,989,310",,"121,236,000","37,890,118","22,125,726","29,119,238","47,905,982",,"25,765,673",,"18,271,000","11,638,712","2,526,347","29,964,000","8,455,915","10,483,000","7,519,998","5,434,294","20,726,276"
1960,"180,671,000","93,216,000","72,814,900","52,400,000","435,990,338","667,070,000","88,296,070","45,053,782",,"119,897,000","36,724,615","21,470,434","28,329,898","47,412,964",,"25,012,374",,"17,909,356","11,486,631","2,435,403","29,637,450","8,160,090","10,276,477","7,484,656","5,327,827","20,386,045"