Date,FXI,PTR,CHL,LFC,BIDU
2001-01-04,,1.79,10.16,4.17,
2001-02-04,,1.94,10.41,4.27,
2001-05-04,,1.95,10.65,4.23,
2001-06-04,,1.83,10.73,3.97,
2001-07-04,,1.78,10.95,4.07,
2001-08-04,,1.72,11.46,4,
2001-09-04,,1.71,11.67,4,
2001-12-04,,1.62,11.46,3.9,
1/13/04,,1.58,11.54,3.81,
1/14/04,,1.62,11.25,3.71,
1/15/04,,1.59,11.25,3.74,
1/16/04,,1.53,11.2,3.87,
1/19/04,,1.56,11.16,3.87,
1/20/04,,1.6,11.67,3.97,
1/21/04,,1.63,11.86,4,
1/22/04,,1.63,11.86,4,
1/23/04,,1.63,11.86,4,
1/26/04,,1.58,11.59,3.94,
1/27/04,,1.6,11.84,3.9,
1/28/04,,1.56,11.4,3.81,
1/29/04,,1.56,11.18,3.77,
1/30/04,,1.55,10.93,3.74,
2002-02-04,,1.5,10.67,3.54,
2002-03-04,,1.55,10.73,3.67,
2002-04-04,,1.55,10.61,3.51,
2002-05-04,,1.52,10.58,3.44,
2002-06-04,,1.57,10.86,3.48,
2002-09-04,,1.63,11.2,3.64,
2002-10-04,,1.59,10.99,3.58,
2002-11-04,,1.59,11.05,3.74,
2002-12-04,,1.6,11.07,3.71,
2/13/04,,1.61,11.27,3.71,
2/16/04,,1.68,11.46,3.77,
2/17/04,,1.68,11.48,3.81,
2/18/04,,1.68,11.48,3.81,
2/19/04,,1.65,11.57,3.74,
2/20/04,,1.65,11.72,3.71,
2/23/04,,1.67,11.57,3.71,
2/24/04,,1.65,11.5,3.67,
2/25/04,,1.64,11.2,3.58,
2/26/04,,1.65,11.42,3.61,
2/27/04,,1.68,11.69,3.64,
2003-01-04,,1.66,11.89,3.61,
2003-02-04,,1.67,11.65,3.64,
2003-03-04,,1.66,11.42,3.54,
2003-04-04,,1.65,11.37,3.67,
2003-05-04,,1.64,11.5,3.71,
2003-08-04,,1.68,11.69,3.67,
2003-09-04,,1.7,11.57,3.58,
2003-10-04,,1.67,11.1,3.58,
2003-11-04,,1.62,10.75,3.44,
2003-12-04,,1.64,10.65,3.48,
3/15/04,,1.64,10.52,3.48,
3/16/04,,1.66,10.5,3.41,
3/17/04,,1.66,10.56,3.44,
3/18/04,,1.62,10.2,3.28,
3/19/04,,1.65,9.82,3.22,
3/22/04,,1.62,9.54,3.18,
3/23/04,,1.63,9.54,3.28,
3/24/04,,1.66,9.75,3.28,
3/25/04,,1.56,9.69,3.2,
3/26/04,,1.54,9.6,3.2,
3/29/04,,1.52,9.54,3.2,
3/30/04,,1.55,9.77,3.26,
3/31/04,,1.58,9.84,3.23,
2004-01-04,,1.56,9.88,3.12,
2004-02-04,,1.59,9.77,3.15,
2004-05-04,,1.59,9.77,3.15,
2004-06-04,,1.59,10.14,3.2,
2004-07-04,,1.57,10.07,3.38,
2004-08-04,,1.58,9.92,3.44,
2004-09-04,,1.58,9.92,3.44,
2004-12-04,,1.58,9.92,3.44,
4/13/04,,1.61,10.14,3.35,
4/14/04,,1.56,9.69,3.17,
4/15/04,,1.56,9.58,3.23,
4/16/04,,1.57,9.47,3.2,
4/19/04,,1.54,9.43,3.13,
4/20/04,,1.5,9.35,3.07,
4/21/04,,1.44,9.18,2.95,
4/22/04,,1.44,8.98,3.1,
4/23/04,,1.5,9.13,3.22,
4/26/04,,1.43,8.9,3.03,
4/27/04,,1.43,8.86,3,
4/28/04,,1.46,8.88,2.92,
4/29/04,,1.42,8.88,2.81,
4/30/04,,1.4,8.77,2.79,
2005-03-04,,1.41,8.96,2.77,
2005-04-04,,1.47,9.24,2.81,
2005-05-04,,1.47,9.07,2.77,
2005-06-04,,1.5,9.09,2.81,
2005-07-04,,1.51,8.98,2.79,
2005-10-04,,1.42,8.58,2.64,
2005-11-04,,1.42,8.6,2.72,
2005-12-04,,1.44,8.68,2.72,
5/13/04,,1.45,8.56,2.64,
5/14/04,,1.4,8.45,2.58,
5/17/04,,1.32,8.22,2.54,
5/18/04,,1.36,8.49,2.56,
5/19/04,,1.43,8.9,2.67,
5/20/04,,1.42,8.77,2.67,
5/21/04,,1.45,8.96,2.77,
5/24/04,,1.47,9.05,2.81,
5/25/04,,1.48,9.13,2.87,
5/26/04,,1.48,9.13,2.87,
5/27/04,,1.53,9.43,2.97,
5/28/04,,1.52,9.52,3.03,
5/31/04,,1.53,9.58,3,
2006-01-04,,1.52,9.5,2.97,
2006-02-04,,1.55,9.62,3.02,
2006-03-04,,1.5,9.33,2.92,
2006-04-04,,1.48,9.41,2.92,
2006-07-04,,1.53,9.79,3.05,
2006-08-04,,1.52,9.88,3.03,
2006-09-04,,1.5,9.86,3.02,
2006-10-04,,1.52,10.1,3.03,
2006-11-04,,1.52,10.12,3.07,
6/14/04,,1.49,9.71,3.02,
6/15/04,,1.47,9.66,2.97,
6/16/04,,1.46,9.82,2.94,
6/17/04,,1.43,9.79,2.84,
6/18/04,,1.4,9.62,2.76,
6/21/04,,1.39,9.58,2.82,
6/22/04,,1.39,9.58,2.82,
6/23/04,,1.39,9.58,2.9,
6/24/04,,1.47,10.01,2.97,
6/25/04,,1.49,10.05,2.97,
6/28/04,,1.49,10.1,3,
6/29/04,,1.46,9.94,2.99,
6/30/04,,1.48,10.16,3.05,
2007-01-04,,1.48,10.16,3.03,
2007-02-04,,1.48,10.16,3,
2007-05-04,,1.51,10.2,2.97,
2007-06-04,,1.53,10.2,2.99,
2007-07-04,,1.55,10.14,3.02,
2007-08-04,,1.52,9.88,2.97,
2007-09-04,,1.53,9.99,3,
2007-12-04,,1.51,9.86,2.94,
7/13/04,,1.49,9.69,2.89,
7/14/04,,1.5,9.43,2.82,
7/15/04,,1.51,9.36,2.77,
7/16/04,,1.54,9.6,2.81,
7/19/04,,1.58,9.71,2.87,
7/20/04,,1.59,9.71,2.84,
7/21/04,,1.61,10.01,2.87,
7/22/04,,1.6,9.94,2.84,
7/23/04,,1.59,10.03,2.82,
7/26/04,,1.58,9.99,2.81,
7/27/04,,1.58,9.94,2.77,
7/28/04,,1.59,9.94,2.77,
7/29/04,,1.58,9.69,2.81,
7/30/04,,1.59,9.75,2.82,
2008-02-04,,1.6,9.69,2.79,
2008-03-04,,1.6,9.77,2.76,
2008-04-04,,1.6,9.62,2.71,
2008-05-04,,1.6,9.88,2.76,
2008-06-04,,1.59,9.82,2.72,
2008-09-04,,1.57,9.73,2.72,
2008-10-04,,1.56,9.62,2.74,
2008-11-04,,1.52,9.58,2.71,
2008-12-04,,1.51,9.62,2.72,
8/13/04,,1.5,9.51,2.72,
8/16/04,,1.51,9.32,2.64,
8/17/04,,1.51,9.34,2.67,
8/18/04,,1.53,9.3,2.69,
8/19/04,,1.56,9.34,2.82,
8/20/04,,1.56,9.11,2.81,
8/23/04,,1.57,9.15,2.76,
8/24/04,,1.56,9.47,2.77,
8/25/04,,1.6,9.62,2.84,
8/26/04,,1.6,9.71,2.81,
8/27/04,,1.6,9.75,2.82,
8/30/04,,1.62,9.86,3,
8/31/04,,1.61,9.79,3.03,
2009-01-04,,1.63,9.99,3.02,
2009-02-04,,1.63,10.03,3.07,
2009-03-04,,1.63,10.01,3.1,
2009-06-04,,1.66,10.16,3.1,
2009-07-04,,1.67,10.18,3.23,
2009-08-04,,1.66,10.1,3.2,
2009-09-04,,1.63,9.94,3.18,
2009-10-04,,1.64,10.14,3.17,
9/13/04,,1.64,10.2,3.13,
9/14/04,,1.66,10.2,3.15,
9/15/04,,1.65,10.12,3.18,
9/16/04,,1.67,10.27,3.26,
9/17/04,,1.7,10.31,3.31,
9/20/04,,1.71,10.44,3.35,
9/21/04,,1.72,10.68,3.41,
9/22/04,,1.72,10.64,3.31,
9/23/04,,1.73,10.66,3.31,
9/24/04,,1.7,10.4,3.23,
9/27/04,,1.7,10.25,3.22,
9/28/04,,1.75,10.1,3.22,
9/29/04,,1.75,10.1,3.23,
9/30/04,,1.77,10.27,3.31,
2010-01-04,,1.77,10.27,3.29,
2010-04-04,,1.8,10.55,3.41,
2010-05-04,,1.77,10.55,3.38,
2010-06-04,,1.78,10.42,3.38,
2010-07-04,,1.81,10.44,3.38,
2010-08-04,11.69,1.8,10.27,3.31,
2010-11-04,11.83,1.8,10.4,3.35,
2010-12-04,11.7,1.81,10.25,3.31,
10/13/04,11.4,1.79,10.16,3.31,
10/14/04,11.24,1.73,10.1,3.26,
10/15/04,11.41,1.77,10.05,3.26,
10/18/04,11.27,1.76,9.99,3.25,
10/19/04,11.34,1.77,10.14,3.28,
10/20/04,11.2,1.73,9.94,3.25,
10/21/04,11.26,1.75,9.94,3.22,
10/22/04,11.13,1.75,9.94,3.23,
10/25/04,11.05,1.75,9.68,3.18,
10/26/04,11.2,1.75,9.68,3.18,
10/27/04,11.19,1.76,9.62,3.18,
10/28/04,11.02,1.77,9.86,3.28,
10/29/04,11.22,1.72,9.79,3.38,
2011-01-04,11.2,1.72,9.92,3.38,
2011-02-04,11.38,1.76,10.16,3.41,
2011-03-04,11.56,1.77,10.18,3.38,
2011-04-04,11.57,1.78,10.14,3.38,
2011-05-04,11.61,1.8,10.2,3.44,
2011-08-04,11.54,1.79,10.16,3.51,
2011-09-04,11.62,1.79,10.2,3.58,
2011-10-04,11.86,1.79,10.31,3.67,
2011-11-04,11.87,1.78,10.33,3.77,
2011-12-04,12,1.78,10.51,3.74,
11/15/04,12.13,1.82,10.55,3.74,
11/16/04,11.88,1.79,10.38,3.77,
11/17/04,12.05,1.8,10.47,3.81,
11/18/04,12.01,1.8,10.42,3.81,
11/19/04,11.85,1.8,10.47,3.77,
11/22/04,11.95,1.8,10.42,3.77,
11/23/04,12.1,1.83,10.68,3.81,
11/24/04,12.23,1.85,10.94,3.84,
11/25/04,12.23,1.85,10.9,3.81,
11/26/04,12.17,1.83,10.86,3.81,
11/29/04,12.17,1.86,11.01,3.77,
11/30/04,12.15,1.86,11.07,3.77,
2012-01-04,12.3,1.85,11.31,3.74,
2012-02-04,12.31,1.82,11.66,3.81,
2012-03-04,12.29,1.79,11.64,3.74,
2012-06-04,12.28,1.82,11.59,3.77,
2012-07-04,12.12,1.81,11.49,3.77,
2012-08-04,11.98,1.77,11.16,3.87,
2012-09-04,11.97,1.76,11.18,3.87,
2012-10-04,11.77,1.73,11.16,3.64,
12/13/04,11.77,1.72,11.25,3.54,
12/14/04,11.85,1.72,11.51,3.61,
12/15/04,12.05,1.77,11.53,3.61,
12/16/04,11.97,1.77,11.36,3.61,
12/17/04,11.94,1.78,11.44,3.67,
12/20/04,12.15,1.78,11.68,3.64,
12/21/04,12.15,1.77,11.62,3.64,
12/22/04,12.08,1.77,11.55,3.54,
12/23/04,12.15,1.77,11.66,3.58,
12/24/04,12.15,1.76,11.53,3.54,
12/27/04,12.08,1.76,11.53,3.56,
12/28/04,12.12,1.76,11.51,3.51,
12/29/04,12.1,1.77,11.66,3.54,
12/30/04,11.98,1.76,11.42,3.38,
12/31/04,12.08,1.76,11.44,3.41,
2001-03-05,12.01,1.78,11.57,3.48,
2001-04-05,11.68,1.75,11.2,3.44,
2001-05-05,11.42,1.72,10.7,3.35,
2001-06-05,11.43,1.71,10.55,3.35,
2001-07-05,11.33,1.7,10.42,3.31,
2001-10-05,11.42,1.7,10.42,3.41,
2001-11-05,11.33,1.71,10.42,3.48,
2001-12-05,11.47,1.71,10.57,3.54,
1/13/05,11.4,1.73,10.62,3.51,
1/14/05,11.37,1.73,10.51,3.41,
1/17/05,11.37,1.76,10.57,3.48,
1/18/05,11.61,1.78,10.53,3.54,
1/19/05,11.57,1.8,10.62,3.51,
1/20/05,11.53,1.79,10.44,3.48,
1/21/05,11.42,1.78,10.36,3.44,
1/24/05,11.36,1.78,10.18,3.38,
1/25/05,11.5,1.81,10.44,3.44,
1/26/05,11.66,1.82,10.49,3.54,
1/27/05,11.66,1.82,10.51,3.48,
1/28/05,11.61,1.82,10.51,3.48,
1/31/05,11.8,1.83,10.62,3.41,
2002-01-05,11.7,1.83,10.38,3.38,
2002-02-05,11.7,1.83,10.33,3.38,
2002-03-05,11.66,1.82,10.31,3.35,
2002-04-05,11.84,1.83,10.51,3.41,
2002-07-05,12.04,1.88,10.77,3.44,
2002-08-05,12.12,1.89,10.81,3.44,
2/14/05,12.25,1.95,11.07,3.41,
2/15/05,12.18,1.96,11.07,3.44,
2/16/05,12.16,1.95,11.01,3.44,
2/17/05,12.05,1.98,10.94,3.41,
2/18/05,12.2,1.96,11.05,3.44,
2/21/05,12.2,1.98,11.05,3.41,
2/22/05,12.19,1.99,11.07,3.41,
2/23/05,12.22,1.97,10.83,3.41,
2/24/05,12.31,1.98,10.9,3.41,
2/25/05,12.57,2.03,10.96,3.41,
2/28/05,12.59,2.08,11.05,3.58,
2003-01-05,12.54,2.08,10.96,3.58,
2003-02-05,12.3,2,10.75,3.48,
2003-03-05,12.38,2.01,10.75,3.51,
2003-04-05,12.29,2,10.55,3.41,
2003-07-05,12.34,2.04,10.64,3.41,
2003-08-05,12.42,2.09,10.86,3.51,
2003-09-05,12.36,2.1,10.94,3.51,
2003-10-05,12.29,2.08,10.86,3.51,
2003-11-05,12.34,2.05,11.12,3.48,
3/14/05,12.34,2.07,11.36,3.41,
3/15/05,12.13,2.07,11.25,3.44,
3/16/05,12.13,2.09,11.49,3.44,
3/17/05,12.35,2.08,11.42,3.48,
3/18/05,12.3,2.14,11.4,3.51,
3/21/05,12.31,2.16,11.44,3.51,
3/22/05,12.02,2.09,11.38,3.48,
3/23/05,11.91,2.04,11.18,3.44,
3/24/05,11.96,2.02,11.25,3.41,
3/29/05,11.76,2.03,11.03,3.44,
3/30/05,11.87,2.05,11.03,3.41,
3/31/05,11.89,2.05,11.07,3.41,
2004-01-05,11.94,2.12,11.01,3.38,
2004-04-05,11.99,2.16,10.99,3.41,
2004-06-05,12.04,2.1,11.18,3.41,
2004-07-05,12.09,2.12,11.25,3.41,
2004-08-05,12.12,2.12,11.38,3.44,
2004-11-05,12.11,2.09,11.29,3.41,
2004-12-05,12.1,2.08,11.29,3.31,
4/13/05,12.08,2.07,11.44,3.35,
4/14/05,11.95,2.04,11.44,3.28,
4/15/05,11.6,2.02,11.25,3.25,
4/18/05,11.58,1.99,10.88,3.18,
4/19/05,11.72,2.02,10.99,3.31,
4/20/05,11.49,2.04,11.05,3.28,
4/21/05,11.87,2.05,11.23,3.38,
4/22/05,11.83,2.08,11.33,3.44,
4/25/05,11.94,2.08,11.42,3.44,
4/26/05,11.99,2.13,11.46,3.48,
4/27/05,11.84,2.11,11.46,3.41,
4/28/05,11.8,2.09,11.66,3.41,
4/29/05,12.05,2.03,11.72,3.38,
2005-03-05,11.94,2.04,11.9,3.41,
2005-04-05,12.1,2.05,11.75,3.41,
2005-05-05,12.12,2.08,12.07,3.48,
2005-06-05,12.15,2.07,12.16,3.44,
2005-09-05,12.2,2.09,12.25,3.48,
2005-10-05,12.05,2.12,12.23,3.44,
2005-11-05,12.09,2.13,12.03,3.44,
2005-12-05,11.85,2.13,12.08,3.44,
5/13/05,11.86,2.08,11.99,3.41,
5/17/05,11.75,2.06,11.61,3.35,
5/18/05,11.8,2.07,11.59,3.35,
5/19/05,11.87,2.08,11.79,3.38,
5/20/05,11.88,2.12,11.94,3.38,
5/23/05,11.85,2.08,11.9,3.35,
5/24/05,11.81,2.11,11.99,3.35,
5/25/05,11.71,2.12,11.79,3.31,
5/26/05,11.74,2.12,11.79,3.28,
5/27/05,11.85,2.15,12.03,3.31,
5/30/05,11.85,2.16,12.25,3.38,
5/31/05,11.9,2.18,12.54,3.38,
2006-01-05,11.88,2.16,12.69,3.35,
2006-02-05,11.8,2.17,12.56,3.28,
2006-03-05,11.76,2.2,12.52,3.28,
2006-06-05,11.92,2.25,12.58,3.35,
2006-07-05,11.94,2.29,12.54,3.35,
2006-08-05,12.05,2.31,12.76,3.35,
2006-09-05,12.04,2.31,12.63,3.35,
2006-10-05,12.08,2.36,12.67,3.38,
6/13/05,12.07,2.36,12.67,3.35,
6/14/05,12.07,2.27,12.67,3.31,
6/15/05,12.07,2.31,12.65,3.35,
6/16/05,12.06,2.38,12.43,3.51,
6/17/05,12.15,2.33,12.61,3.48,
6/20/05,12.15,2.44,12.63,3.51,
6/21/05,12.15,2.44,12.74,3.54,
6/22/05,12.32,2.47,13.09,3.58,
6/23/05,12.23,2.49,12.92,3.54,
6/24/05,12.3,2.51,12.96,3.48,
6/27/05,12.39,2.47,12.87,3.51,
6/28/05,12.53,2.55,13.03,3.51,
6/29/05,12.46,2.53,12.96,3.51,
6/30/05,12.44,2.51,12.78,3.48,
2007-04-05,12.48,2.57,12.87,3.51,
2007-05-05,12.58,2.6,12.69,3.54,
2007-06-05,12.53,2.68,12.58,3.48,
2007-07-05,12.38,2.64,12.34,3.48,
2007-08-05,12.39,2.6,12.14,3.41,
2007-11-05,12.49,2.62,12.47,3.41,
2007-12-05,12.49,2.66,12.41,3.44,
7/13/05,12.57,2.73,12.74,3.48,
7/14/05,12.59,2.68,13.2,3.44,
7/15/05,12.58,2.62,13.05,3.44,
7/18/05,12.55,2.64,13.14,3.54,
7/19/05,12.68,2.6,13.42,3.64,
7/20/05,12.76,2.64,13.31,3.74,
7/21/05,13.23,2.81,13.4,3.71,
7/22/05,13.2,2.81,13.64,3.74,
7/25/05,13.2,2.9,13.64,3.71,
7/26/05,13.18,2.92,13.64,3.74,
7/27/05,13.37,2.97,13.58,3.74,
7/28/05,13.41,2.95,13.73,3.77,
7/29/05,13.45,3.03,13.78,3.77,
2008-01-05,13.61,3.1,13.97,3.84,
2008-02-05,13.9,3.19,14.2,3.84,
2008-03-05,13.74,3.08,14.13,3.81,
2008-04-05,13.58,3.01,14.17,3.84,
2008-05-05,13.61,3.01,14.15,3.9,12.25
2008-08-05,13.8,3.08,14.22,3.94,11.55
2008-09-05,13.79,3.05,14.17,3.9,9.61
2008-10-05,14.15,3.08,15.19,3.97,9.18
2008-11-05,14.14,3.12,15.56,3.97,9.79
2008-12-05,14.15,3.14,15.43,3.97,9.5
8/15/05,14.33,3.14,15.5,4.1,9.3
8/16/05,14.01,3.08,15.63,4.07,9.15
8/17/05,14.02,2.97,15.65,4.17,8.58
8/18/05,13.65,2.86,15.06,4.04,8.25
8/19/05,13.63,2.75,14.88,4.04,7.95
8/22/05,13.77,2.77,15.43,4.07,7.27
8/23/05,13.51,2.77,14.95,4.04,8.2
8/24/05,13.3,2.73,14.88,4,7.78
8/25/05,13.44,2.81,14.9,3.97,7.9
8/26/05,13.48,2.84,15.12,4.07,7.89
8/29/05,13.51,2.84,14.79,3.94,7.86
8/30/05,13.43,2.73,15.03,4,8.1
8/31/05,13.46,2.75,15.03,3.9,8.1
2009-01-05,13.65,2.77,15.57,3.97,7.89
2009-02-05,13.6,2.81,15.53,4.04,7.8
2009-05-05,13.6,2.81,15.55,4,7.8
2009-06-05,13.62,2.81,15.46,3.97,7.78
2009-07-05,13.6,2.82,15.59,4,8.26
2009-08-05,13.5,2.77,15.5,4.04,8.35
2009-09-05,13.6,2.77,15.5,4.07,9.63
2009-12-05,13.61,2.8,15.68,4.07,11.23
9/13/05,13.44,2.77,15.44,4.07,11.36
9/14/05,13.44,2.75,15.57,4.07,8.13
9/15/05,13.51,2.77,15.46,4.04,8.2
9/16/05,13.48,2.77,15.44,4.04,7.84
9/20/05,13.62,2.86,16.35,4.04,8.05
9/21/05,13.65,2.84,16.33,4.04,8.03
9/22/05,13.57,2.84,16.33,4.04,7.92
9/23/05,13.47,2.82,16.31,3.9,7.91
9/26/05,13.6,2.8,16.76,3.87,7.73
9/27/05,13.51,2.77,16.51,3.81,7.25
9/28/05,13.58,2.8,16.62,3.81,6.57
9/29/05,14.06,2.91,17.11,3.94,6.5
9/30/05,13.99,2.91,17.02,3.94,6.4
2010-03-05,14.07,2.91,16.8,3.97,6.61
2010-04-05,13.86,2.91,16.91,3.97,7.04
2010-05-05,13.47,2.84,16.33,3.94,6.83
2010-06-05,13.08,2.75,15.62,3.87,6.83
2010-07-05,13.39,2.77,15.82,3.87,6.72
2010-10-05,13.4,2.8,15.93,3.87,6.55
2010-12-05,13.06,2.75,15.21,3.77,6.36
10/13/05,13.04,2.71,15.37,3.77,6.22
10/14/05,12.98,2.64,15.15,3.77,6.73
10/17/05,13.13,2.66,15.3,3.81,6.66
10/18/05,12.98,2.71,15.53,3.81,6.74
10/19/05,12.97,2.62,15.15,3.74,6.58
10/20/05,12.54,2.62,15.44,3.74,6.6
10/21/05,12.76,2.55,15.66,3.81,7
10/24/05,12.84,2.53,15.5,3.77,8.1
10/25/05,12.69,2.59,15.55,3.77,7.98
10/26/05,12.63,2.64,15.55,3.74,8.1
10/27/05,12.34,2.62,15.39,3.71,7.03
10/28/05,12.44,2.57,15.12,3.67,6.81
10/31/05,12.55,2.64,15.44,3.74,6.94
2011-01-05,12.72,2.66,15.68,3.77,6.87
2011-02-05,12.95,2.68,15.68,3.74,6.85
2011-03-05,13,2.66,15.62,3.84,6.82
2011-04-05,12.91,2.71,15.68,3.81,6.83
2011-07-05,12.79,2.66,15.35,3.81,7.26
2011-08-05,12.81,2.62,15.44,3.77,7.18
2011-09-05,13.01,2.66,15.95,3.77,7
2011-10-05,13.02,2.66,16.04,3.84,7.04
2011-11-05,13.1,2.62,16.17,3.9,7.01
11/14/05,12.92,2.59,16.04,3.94,7
11/15/05,12.9,2.62,16.15,3.97,6.88
11/16/05,12.99,2.64,16.29,3.97,6.95
11/17/05,13.18,2.68,16.64,3.97,7.32
11/18/05,13.23,2.71,16.73,4,7.09
11/21/05,13.31,2.68,16.76,3.97,7.16
11/22/05,13.31,2.71,16.73,3.97,7.47
11/23/05,13.42,2.77,17.09,4.04,8.05
11/24/05,13.42,2.75,17,4,8.05
11/25/05,13.42,2.73,17,4,8.38
11/28/05,13.37,2.75,17.11,4.04,7.85
11/29/05,13.29,2.71,17.11,4.04,7.64
11/30/05,13.28,2.71,16.96,4,7.8
2012-01-05,13.56,2.75,17.45,4.07,7.97
2012-02-05,13.56,2.77,17.81,4.07,7.89
2012-05-05,13.55,2.8,17.72,4.07,7.8
2012-06-05,13.46,2.8,17.16,4,7.82
2012-07-05,13.54,2.86,17.45,4.1,7.77
2012-08-05,13.52,2.84,16.71,4.17,7.72
2012-09-05,13.51,2.86,16.69,4.2,7.58
2012-12-05,13.58,2.84,16.82,4.23,7.59
12/13/05,13.63,2.86,16.78,4.2,7.42
12/14/05,13.61,2.84,16.85,4.23,6.94
12/15/05,13.61,2.84,17.02,4.3,6.89
12/16/05,13.55,2.84,17.16,4.4,6.57
12/19/05,13.64,2.84,17.43,4.43,6.65
12/20/05,13.79,2.82,17.45,4.4,6.51
12/21/05,13.88,2.84,17.56,4.43,6.45
12/22/05,13.83,2.84,17.43,4.4,6.47
12/23/05,13.88,2.82,17.45,4.49,6.68
12/28/05,13.79,2.82,17.09,4.53,6.48
12/29/05,13.84,2.84,16.89,4.53,6.36
12/30/05,13.69,2.82,16.4,4.49,6.29
2001-03-06,14,2.84,16.62,4.63,6.35
2001-04-06,14.33,2.93,17.07,4.72,6.63
2001-05-06,14.34,2.93,17.23,4.69,6.62
2001-06-06,14.67,2.93,17.11,4.86,6.58
2001-09-06,14.84,3.04,17.2,4.92,6.61
2001-10-06,14.7,3.02,17.05,4.95,6.67
2001-11-06,14.87,3.06,17.18,4.86,6.53
2001-12-06,14.8,3.09,17.34,4.86,6.47
1/13/06,15.07,3.11,17.45,4.99,6.55
1/16/06,15.07,3.24,17.49,4.89,6.55
1/17/06,14.88,3.26,17,4.86,6.47
1/18/06,14.9,3.31,16.69,4.95,6.25
1/19/06,15.39,3.33,17,5.09,6.23
1/20/06,15.1,3.38,17.05,4.99,6.09
1/23/06,15.17,3.38,16.64,5.05,5.63
1/24/06,15.34,3.38,16.67,5.05,5.64
1/25/06,15.25,3.38,16.64,5.02,5.25
1/26/06,15.38,3.29,16.55,4.99,5.19
1/27/06,15.97,3.38,16.89,5.09,5.17
2002-01-06,15.92,3.51,17,5.22,5.1
2002-02-06,15.58,3.42,16.98,5.28,4.91
2002-03-06,15.3,3.33,16.53,5.12,4.61
2002-06-06,15.78,3.47,16.73,5.38,4.56
2002-07-06,15.61,3.53,16.44,5.48,4.51
2002-08-06,15.65,3.35,16.13,5.31,4.92
2002-09-06,15.5,3.35,16.22,5.35,4.93
2002-10-06,15.55,3.4,16.22,5.41,4.85
2/13/06,15.52,3.33,16.04,5.48,4.92
2/14/06,15.98,3.35,16.22,5.74,4.89
2/15/06,15.92,3.35,16.31,5.54,4.93
2/16/06,15.94,3.26,16.33,5.48,4.9
2/17/06,15.92,3.31,16.38,5.54,5.01
2/20/06,15.92,3.42,16.53,5.81,5.01
2/21/06,16.2,3.44,16.69,5.81,5.17
2/22/06,16.55,3.47,16.76,6.17,5.47
2/23/06,16.44,3.42,17.02,6.2,5.23
2/24/06,16.41,3.38,16.98,5.97,5.29
2/27/06,16.36,3.42,17.05,5.94,5.43
2/28/06,16.13,3.4,16.98,5.77,5.14
2003-01-06,16.25,3.4,16.71,5.81,5.12
2003-02-06,16.29,3.42,16.8,5.84,5.26
2003-03-06,16.35,3.42,16.6,5.97,5.22
2003-06-06,16.2,3.42,16.73,6,5.38
2003-07-06,15.75,3.35,16.31,5.71,5.34
2003-08-06,15.54,3.33,16.11,5.58,5.15
2003-09-06,15.49,3.26,16.08,5.58,4.83
2003-10-06,15.58,3.29,15.91,5.48,4.91
3/13/06,15.71,3.33,16.11,5.71,4.97
3/14/06,15.95,3.38,16.29,5.68,4.87
3/15/06,16.08,3.4,16.82,5.81,4.85
3/16/06,15.99,3.42,16.82,5.77,4.83
3/17/06,16.01,3.44,17.09,5.87,4.9
3/20/06,16.06,3.49,17.43,6,5.08
3/21/06,16.14,3.49,17.45,6.36,4.94
3/22/06,16.16,3.49,17,6.17,5.1
3/23/06,16.28,3.53,17.27,6.27,5.06
3/24/06,16.35,3.6,17.27,6.3,5.02
3/27/06,16.48,3.6,17.63,6.56,5.21
3/28/06,16.29,3.58,18.21,6.66,5.11
3/29/06,16.4,3.56,18.1,6.46,5.45
3/30/06,16.57,3.62,18.64,6.46,5.8
3/31/06,16.51,3.65,18.23,6.46,5.61
2004-03-06,16.84,3.73,18.77,6.56,5.49
2004-04-06,17.05,3.73,18.97,6.59,5.57
2004-06-06,17.3,3.85,19.91,6.73,5.73
2004-07-06,17.06,3.8,20.2,6.86,5.74
2004-10-06,17.26,3.78,20.45,6.92,5.91
2004-11-06,16.95,3.85,20.4,6.79,5.56
2004-12-06,16.91,3.8,19.69,6.53,5.68
4/13/06,17.04,3.8,19.82,6.56,5.75
4/18/06,17.87,3.94,20.43,6.82,5.76
4/19/06,18.06,4.05,20.76,6.86,6.13
4/20/06,18.06,4.18,20.89,7.05,6.06
4/21/06,18.14,4.09,20.65,7.09,6.05
4/24/06,17.7,4.08,20.04,7.09,6.01
4/25/06,17.25,3.97,19.96,6.76,5.91
4/26/06,17.4,4.04,20.45,6.86,5.82
4/27/06,17.01,3.95,20.6,6.89,5.73
4/28/06,17.47,3.9,20.18,6.89,5.8
2005-02-06,17.94,4.04,19.89,7.09,5.89
2005-03-06,17.82,4.13,20.02,7.12,6
2005-04-06,18.07,4.22,20.16,7.18,6.33
2005-08-06,18.61,4.38,20.78,7.68,6.37
2005-09-06,18.54,4.27,20.85,7.71,6.14
2005-10-06,18.31,4.27,20.4,7.74,8.4
2005-11-06,18.03,4.29,20.58,7.94,8.15
2005-12-06,17.89,4.27,20.21,8.2,7.85
5/15/06,17.6,4.08,19.59,7.97,8.44
5/16/06,17.73,4.01,19.41,7.87,8.27
5/17/06,17.17,4.15,19.91,8.43,8.4
5/18/06,17.02,3.99,19.32,8.27,7.8
5/19/06,17.37,4.01,19.34,8.46,8.2
5/22/06,16.21,3.79,18.64,7.81,7.88
5/23/06,16.47,3.88,18.57,7.61,8.24
5/24/06,16.24,3.9,18.26,7.64,8.4
5/25/06,16.72,3.79,18.17,7.41,7.93
5/26/06,16.63,3.83,18.42,7.41,7.95
5/29/06,16.63,3.88,18.64,7.67,7.95
5/30/06,16,3.81,18.3,7.67,7.77
2006-01-06,16.44,3.7,18.17,7.44,8.34
2006-02-06,16.63,3.74,18.91,7.71,8.28
2006-05-06,16.11,3.79,19.3,8.04,8.33
2006-06-06,16.47,3.79,19.12,8.23,8.98
2006-07-06,16.31,3.74,18.87,8.17,8.77
2006-08-06,15.8,3.54,18.12,7.54,8.63
2006-09-06,15.57,3.47,18.62,7.54,8.66
2006-12-06,15.22,3.49,18.73,7.38,8.42
6/13/06,14.67,3.31,17.9,6.85,7.82
6/14/06,15.09,3.24,17.99,6.72,7.94
6/15/06,15.78,3.35,18.28,6.88,8.25
6/16/06,15.79,3.51,18.96,7.38,8.27
6/19/06,15.48,3.47,18.91,7.21,7.88
6/20/06,15.49,3.4,18.53,6.95,7.91
6/21/06,15.95,3.47,18.8,7.08,8.44
6/22/06,15.9,3.51,19.16,7.11,8.02
6/23/06,16.05,3.49,19.1,7.21,8.1
6/26/06,16.09,3.54,19.25,7.38,8.19
6/27/06,16.02,3.6,19.28,7.51,8.2
6/28/06,16.41,3.63,19.16,7.74,8.01
6/29/06,17.15,3.65,19.3,7.84,8.36
6/30/06,17.07,3.79,20.12,8.07,8.25
2007-03-06,17.33,3.81,20.27,8.1,8.59
2007-04-06,17.33,3.86,20.25,8.07,8.59
2007-05-06,16.87,3.83,20.05,7.94,8.4
2007-06-06,17.33,3.9,20.52,8.14,8.75
2007-07-06,17,3.9,20.55,8.2,8.72
2007-10-06,17.26,3.86,20.75,8.23,8.41
2007-11-06,17.3,3.83,20.55,8.23,8.61
2007-12-06,17.09,3.9,20.73,8.27,8.5
7/13/06,16.54,3.88,20.3,8.17,8.34
7/14/06,16.55,3.9,19.98,8.04,8.77
7/17/06,16.32,3.86,20.07,7.97,9.3
7/18/06,16.47,3.81,19.98,8.07,9.27
7/19/06,17.14,3.86,20.27,8.27,9.16
7/20/06,16.89,3.92,21.02,8.43,8.88
7/21/06,16.82,3.9,20.93,8.33,8.86
7/24/06,17.36,3.9,21.02,8.27,8.94
7/25/06,17.27,3.98,21.16,8.3,8.98
7/26/06,17.15,3.97,21.27,8.42,9.2
7/27/06,17.42,4.01,22.36,8.58,7.28
7/28/06,17.63,4.05,22.79,8.63,7.26
7/31/06,17.48,4.02,22.67,8.62,7.17
2008-01-06,17.13,3.96,22.33,8.54,7.07
2008-02-06,17.36,3.96,22.45,8.5,6.87
2008-03-06,17.41,4,22.4,8.64,7.35
2008-04-06,17.27,3.97,22.11,8.56,7.47
2008-07-06,17.39,4.02,22.31,8.59,7.4
2008-08-06,17.41,4.05,22.56,8.63,7.35
2008-09-06,17.62,4.12,23.6,8.73,7.02
2008-10-06,17.77,4.11,23.33,8.85,7.1
2008-11-06,17.77,4.14,23.31,8.87,7.2
8/14/06,17.83,4.15,23.35,9.17,7.09
8/15/06,18.14,4.11,23.26,9.13,7.67
8/16/06,18.23,4.13,23.76,9.17,7.82
8/17/06,17.91,4.08,23.42,9.05,8.11
8/18/06,17.87,4,23.44,9.16,8.02
8/21/06,17.63,3.99,22.58,9.05,7.89
8/22/06,17.75,4.12,22.81,9.27,7.94
8/23/06,17.51,4.11,22.65,9.22,7.69
8/24/06,17.46,4.07,22.27,9.14,7.66
8/25/06,17.42,4.06,22.49,9.02,7.68
8/28/06,17.41,4.05,22.61,8.87,7.74
8/29/06,17.58,4.06,23.06,9.14,7.68
8/30/06,17.66,4.01,23.56,9.13,7.78
8/31/06,17.61,4,23.69,9.09,7.77
2009-01-06,17.78,3.98,23.81,9.09,7.81
2009-04-06,17.78,4.04,24.08,9.2,7.81
2009-05-06,17.92,4.01,23.89,9.24,7.78
2009-06-06,17.58,3.98,23.46,9.39,7.73
2009-07-06,17.51,3.93,23.21,9.38,7.83
2009-08-06,17.6,3.92,23.46,9.42,7.99
2009-11-06,17.29,3.87,23.1,9.3,7.99
2009-12-06,17.61,3.85,23.42,9.37,8.03
9/13/06,17.81,3.88,23.69,9.39,8.38
9/14/06,17.61,3.91,23.49,9.41,8.47
9/15/06,17.67,3.91,23.58,9.46,8.77
9/18/06,17.89,3.91,23.85,9.75,8.9
9/19/06,17.67,3.94,23.71,9.88,8.51
9/20/06,18.09,3.92,24.55,10.12,8.65
9/21/06,18,3.89,25.14,10.16,8.72
9/22/06,17.93,3.88,25.25,10.57,8.7
9/25/06,18.17,3.85,25.28,10.54,9
9/26/06,17.94,3.82,24.26,9.91,8.89
9/27/06,18.05,3.84,25.01,10.22,8.86
9/28/06,18.13,3.9,24.89,10.16,8.89
9/29/06,18.08,3.91,25.05,10.04,8.75
2010-03-06,18.11,3.89,25.39,10.1,8.32
2010-04-06,18.38,3.79,25.87,10.26,8.4
2010-05-06,18.42,3.83,26.41,10.38,8.51
2010-06-06,18.25,3.83,26.09,10.3,8.41
2010-09-06,18.1,3.83,25.57,10.26,8.49
2010-10-06,18.28,3.85,25.84,10.51,8.65
2010-11-06,18.35,3.84,25.98,10.61,8.71
2010-12-06,18.71,3.87,25.96,10.62,8.65
10/13/06,18.69,3.91,26.43,10.63,8.44
10/16/06,18.79,3.98,26.59,10.64,8.46
10/17/06,18.64,3.99,26.73,10.67,8.36
10/18/06,18.83,3.99,26.78,10.93,8.34
10/19/06,18.87,3.97,26.66,10.93,8.6
10/20/06,18.88,4.03,26.82,11.01,8.66
10/23/06,18.89,3.98,26.8,10.83,8.74
10/24/06,18.98,3.99,27.3,10.83,8.43
10/25/06,19.03,4.01,27.37,10.96,8.49
10/26/06,19.15,4.06,28.41,10.96,8.49
10/27/06,18.77,4.02,28.3,10.54,8.9
10/31/06,19.02,4,28.82,10.79,8.73
2011-01-06,18.99,4.04,28.86,10.84,8.48
2011-02-06,19.22,4.05,29.91,10.91,8.71
2011-03-06,19.31,4.05,30.16,10.87,8.69
2011-06-06,19.7,4.07,31.2,11.05,8.86
2011-07-06,19.58,4.12,30.45,10.99,9.39
2011-08-06,19.55,4.13,29.59,11.09,9.61
2011-09-06,19.89,4.2,30,11.32,9.61
2011-10-06,19.93,4.22,29.75,11.29,9.63
11/13/06,20.28,4.22,29.77,11.78,10.32
11/14/06,20.39,4.22,30.25,11.78,10.22
11/15/06,20.62,4.23,31.02,11.79,10.33
11/16/06,20.64,4.23,31.52,11.87,10.74
11/17/06,20.77,4.2,31.13,12.13,10.98
11/20/06,20.78,4.16,30.32,12.19,11.02
11/21/06,20.85,4.17,30.25,12.2,11.61
11/22/06,21.31,4.39,30.77,12.36,11.44
11/23/06,21.31,4.47,30.91,12.54,11.44
11/24/06,21.36,4.52,30.77,12.5,11.4
11/27/06,20.85,4.54,30.54,12.7,10.69
11/28/06,20.44,4.34,29.29,12.09,10.86
11/29/06,21.1,4.48,29.16,12.3,11.2
11/30/06,21.17,4.62,29.68,12.44,11.58
2012-01-06,20.92,4.63,29.09,12.44,11.12
2012-04-06,21.21,4.66,28.66,12.21,11.49
2012-05-06,21.82,4.69,29.02,12.32,12.27
2012-06-06,21.73,4.7,29.32,12.61,12.66
2012-07-06,21.49,4.7,28.61,12.49,11.79
2012-08-06,21.52,4.73,28.05,12.32,12.1
2012-11-06,21.94,4.8,28.52,12.36,12.19
2012-12-06,21.84,4.78,28.57,12.52,12.2
12/13/06,21.76,4.67,27.82,12.48,12.09
12/14/06,22.31,4.77,28.18,12.83,12.01
12/15/06,22.44,4.84,28.16,13.47,11.7
12/18/06,22.72,4.88,28.64,15.02,11.81
12/19/06,22.65,4.76,28.02,14.56,11.71
12/20/06,23.08,4.81,28.57,15.71,11.77
12/21/06,23.07,4.84,28.43,15.48,11.48
12/22/06,23.36,4.84,29.07,16.07,11.38
12/27/06,25.2,5.09,30,17.98,11.48
12/28/06,25.29,5.18,30.84,17.79,11.4
12/29/06,25.08,5.15,30.56,17.42,11.27
2001-02-07,25.08,5.16,31.59,18.64,11.27
2001-03-07,26.19,5.16,32.08,18.61,12.24
2001-04-07,25.27,4.93,30.95,17.79,12.6
2001-05-07,23.84,4.84,31.54,17.19,12.25
2001-08-07,24.54,4.78,30.72,17.65,12.19
2001-09-07,23.45,4.78,30.09,16.96,12.37
2001-10-07,22.99,4.65,29.68,15.74,12.8
2001-11-07,23.18,4.58,29.43,15.18,13.12
2001-12-07,23.72,4.57,29.93,15.84,12.47
1/15/07,23.72,4.64,31.02,16.67,12.47
1/16/07,24.17,4.58,30.77,16.9,12.74
1/17/07,23.91,4.39,31.11,16.86,12.55
1/18/07,23.58,4.46,31.97,16.76,12.14
1/19/07,23.93,4.47,32.13,16.17,12.14
1/22/07,24.08,4.52,33.42,16.37,12.24
1/23/07,24.51,4.52,34.35,15.94,12.45
1/24/07,24.87,4.6,35.22,15.71,12.49
1/25/07,23.55,4.6,34.58,15.25,12.37
1/26/07,23.74,4.48,33.04,15.41,12.34
1/29/07,23.31,4.46,32.79,15.38,12.34
1/30/07,24.02,4.48,33.63,15.51,12.41
1/31/07,23.36,4.47,32.47,15.05,12.49
2002-01-07,23.48,4.47,33.4,14.69,11.99
2002-02-07,23.39,4.5,33.47,14.82,11.96
2002-05-07,23.3,4.51,33.36,15.05,11.6
2002-06-07,23.73,4.5,34.4,15.05,11.69
2002-07-07,23.87,4.54,34.26,15.61,11.84
2002-08-07,24.11,4.5,34.94,15.84,11.98
2002-09-07,23.71,4.53,34.67,15.71,11.75
2002-12-07,23.8,4.49,34.13,15.71,11.68
2/13/07,23.85,4.43,32.86,15.32,11.33
2/14/07,23.89,4.44,33.04,15.18,11.5
2/15/07,23.9,4.47,34.04,15.28,10.62
2/16/07,24.06,4.46,33.95,15.45,10.52
2/21/07,24.3,4.45,35.01,15.22,10.7
2/22/07,24.3,4.43,36.01,15.12,10.74
2/23/07,23.72,4.41,36.03,15.12,11.04
2/26/07,23.72,4.43,34.97,14.85,11.17
2/27/07,21.38,4.37,33.97,14.26,10.48
2/28/07,22.3,4.28,32.95,13.83,10.67
2003-01-07,21.75,4.17,32.33,13.31,10.62
2003-02-07,21.4,4.2,32.45,13.27,10.21
2003-05-07,20.62,4.03,30.56,12.69,9.97
2003-06-07,21.72,4.11,31.15,13.57,10.43
2003-07-07,21.47,4.05,30.47,13.57,10.35
2003-08-07,22.19,4.16,30.93,14.1,10.52
2003-09-07,22.11,4.19,30.41,14.2,10.24
2003-12-07,22.46,4.16,31.7,14.39,10.25
3/13/07,21.51,4.1,31.2,14.1,9.89
3/14/07,22,4.04,30.5,13.6,9.74
3/15/07,22.05,4.07,31.13,13.73,9.62
3/16/07,21.83,4.05,31.63,13.87,9.57
3/19/07,22.53,4.08,32.77,14.39,9.66
3/20/07,22.73,4.03,33.04,14.43,9.68
3/21/07,23.27,4.01,33.49,14.49,10.1
3/22/07,22.97,4.04,32.77,14.59,10.26
3/23/07,23.17,4.11,32.2,14.62,10.26
3/26/07,23.18,4.18,32.52,14.69,10.13
3/27/07,23.02,4.2,32.04,14.72,10.13
3/28/07,22.8,4.21,31.72,14.59,9.93
3/29/07,23.46,4.25,32.27,14.76,9.71
3/30/07,23.05,4.32,32.27,14.82,9.65
2004-02-07,23.51,4.31,31.9,14.76,9.35
2004-03-07,23.89,4.32,32.2,14.95,9.52
2004-04-07,24.06,4.31,32.38,15.02,9.46
2004-10-07,24.37,4.27,32.54,15.28,9.78
2004-11-07,24.21,4.3,32.67,15.91,9.86
2004-12-07,24.81,4.28,32.29,16.3,9.77
4/13/07,24.77,4.3,32.31,16.67,9.74
4/16/07,25.21,4.34,34.13,16.93,9.87
4/17/07,25.2,4.31,34.38,16.6,9.93
4/18/07,25.02,4.31,34.29,16.57,9.91
4/19/07,24.64,4.23,32.88,16.01,9.69
4/20/07,24.95,4.29,33.99,16.43,9.96
4/23/07,24.48,4.28,33.04,16.5,9.96
4/24/07,24.51,4.28,33.31,16.7,10.35
4/25/07,24.74,4.26,33.13,16.67,10.47
4/26/07,24.57,4.31,33.11,16.7,10.94
4/27/07,24.32,4.27,32.83,16.37,12.46
4/30/07,23.69,4.23,32.36,16.04,12.16
2005-02-07,24.27,4.23,32.18,15.94,12.3
2005-03-07,24.63,4.24,32.83,16.14,12.53
2005-04-07,24.8,4.84,32.9,16.4,12.7
2005-07-07,25.02,4.82,32.97,16.76,12.59
2005-08-07,24.8,4.74,32.77,16.43,12.52
2005-09-07,25.17,4.72,33.08,16.57,12.71
2005-10-07,24.53,4.64,33.02,16.53,12.49
2005-11-07,25.88,4.61,32.61,16.2,12.81
5/14/07,25.76,4.84,33.75,17.16,13.2
5/15/07,25.67,4.8,33.62,17.19,12.9
5/16/07,26.21,4.83,33.94,17.29,12.98
5/17/07,26.01,4.85,33.96,17.26,13.09
5/18/07,25.84,4.86,34.12,16.99,13.1
5/21/07,25.81,4.83,34.24,17.09,13.47
5/22/07,25.64,4.86,34.03,16.96,13.51
5/23/07,25.45,4.85,33.73,16.86,13.07
5/25/07,25.21,4.77,33.11,16.37,13.07
5/28/07,25.21,4.78,33.04,16.2,13.07
5/29/07,24.91,4.8,32.91,16.14,13.32
5/30/07,25.01,4.68,32.7,15.61,13.57
5/31/07,25.28,4.84,33.46,15.91,14.05
2006-01-07,25.77,4.83,33.07,16.24,14.03
2006-04-07,25.72,4.87,33.34,16.14,14.17
2006-05-07,25.98,5.09,33.48,16.17,14.46
2006-06-07,25.6,5.02,33.43,16.2,14.15
2006-07-07,25.39,4.96,33.48,16.2,13.73
2006-08-07,26.04,4.98,33.2,16.11,13.7
2006-11-07,26.32,4.97,33.48,16.2,13.71
2006-12-07,25.82,4.97,34.01,16.17,13.56
6/13/07,26.29,4.96,33.89,16.24,13.82
6/14/07,26.97,5.05,34.49,16.4,14.02
6/15/07,27.62,5.15,34.76,16.96,14.31
6/18/07,28.26,5.28,36.85,17.75,14.9
6/20/07,28.38,5.57,36.8,17.65,15.24
6/21/07,29.24,5.65,37.74,18.81,15.4
6/22/07,28.93,5.57,38.8,19.07,15.65
6/25/07,28.73,5.42,38.64,18.84,15.41
6/26/07,28.36,5.41,38.89,18.7,15.52
6/27/07,29.04,5.39,38.29,18.96,15.71
6/28/07,29.15,5.49,38.94,19.2,16.22
6/29/07,29,5.45,38.57,18.6,16.8
2007-03-07,30.15,5.73,39.81,19.1,18.1
2007-04-07,30.15,5.78,39.72,19.16,18.1
2007-05-07,30.04,5.77,39.69,18.96,18.5
2007-06-07,30.8,5.79,39.62,19.03,19.76
2007-09-07,31.22,5.91,39.9,20.22,19.39
2007-10-07,30.85,5.9,39.72,20.36,20.39
2007-11-07,31.02,5.79,39.44,19.89,20.55
2007-12-07,31.62,5.82,40.95,20.16,20.62
7/13/07,31.73,5.88,42.15,20.52,21.28
7/16/07,31.29,5.82,41.87,20.36,20.8
7/17/07,31.28,5.85,41.89,20.42,21.23
7/18/07,30.68,5.69,41.34,20.22,19.99
7/19/07,31.1,5.72,41.69,20.12,19.82
7/20/07,31.11,5.81,42.74,20.59,18.95
7/23/07,32.09,5.85,42.9,20.79,18.01
7/24/07,31.28,5.84,42.81,21.45,17.5
7/25/07,31.86,5.74,42.77,21.65,18.32
7/26/07,30.58,5.77,42.08,21.98,20.91
7/27/07,30.08,5.58,41.02,21.41,20.48
7/30/07,31.32,5.41,41.48,21.91,20.92
7/31/07,31.49,5.56,41.87,22.44,20.2
2008-01-07,30.88,5.36,40.17,21.48,20.07
2008-02-07,30.65,5.32,40.29,21.18,20.27
2008-03-07,29.29,5.28,40.7,21.28,19.85
2008-06-07,29.52,5.09,39.53,20.39,19.34
2008-07-07,29.32,5.05,39.33,19.99,19.92
2008-08-07,30.58,5.21,40.82,19.86,20.37
2008-09-07,29.43,5.16,40.2,20.72,19.5
2008-10-07,29.36,5,38.82,19.86,18.94
8/13/07,29.18,4.99,39.35,20.02,19.28
8/14/07,28.77,5.04,39.65,20.45,18.98
8/15/07,27.58,4.91,38.64,19.99,17.99
8/16/07,26.95,4.73,37.15,18.96,16.89
8/17/07,27.99,4.64,37.13,18.14,17.65
8/20/07,28.67,5,40.36,20.02,18.75
8/21/07,29.03,5.05,40.61,20.59,19.75
8/22/07,31.04,5.12,42.17,21.48,20.48
8/23/07,31.06,5.23,44,21.88,20.32
8/24/07,32.32,5.26,44.35,22.27,20.32
8/27/07,34.45,5.51,46.18,23.3,21.19
8/28/07,31.66,5.45,45.91,24.59,19.97
8/29/07,33.33,5.31,45.52,24.19,20.65
8/30/07,32.97,5.4,46.82,24.46,20.57
8/31/07,33.83,5.41,48.71,24.99,20.82
2009-03-07,33.83,5.45,48.01,24.69,20.82
2009-04-07,34.39,5.44,47.55,24.62,21.69
2009-05-07,33.5,5.45,48.47,24.62,21.97
2009-06-07,33.87,5.41,47.5,24.66,22.01
2009-07-07,33.03,5.45,46.27,24.66,21.36
2009-10-07,33.61,5.39,46.86,24.39,21.81
2009-11-07,34.02,5.41,46.5,24.36,22.7
2009-12-07,34.36,5.48,47.14,24.56,23.01
9/13/07,34.58,5.48,48.06,24.46,23.25
9/14/07,35.11,5.59,49.85,25.09,23.49
9/17/07,34.82,5.57,49.02,25.29,25.29
9/18/07,36.75,5.6,48.7,25.32,26.88
9/19/07,36.96,5.78,50.86,25.92,27.59
9/20/07,36.81,5.98,51.68,25.98,27.61
9/21/07,37.91,6.28,51.18,25.88,28.46
9/24/07,39.03,6.94,54.21,26.58,30.34
9/25/07,39.19,6.67,55.81,27.6,29.99
9/27/07,40.98,6.8,59.16,28.46,29.2
9/28/07,40.51,7.13,58.38,29.52,28.97
2010-02-07,42.64,7.22,62.15,32.14,32.06
2010-03-07,40.39,6.74,59.48,30.78,31.42
2010-04-07,40.78,6.47,58.11,30.22,31.5
2010-05-07,43.12,7.12,59.62,31.97,32.16
2010-08-07,42.12,6.81,58.93,32.34,32.94
2010-09-07,43.19,6.9,59.53,32.2,32.88
2010-10-07,43.28,7.05,60.68,33,34.32
2010-11-07,43.32,7.49,62.01,33.66,30.88
2010-12-07,45.66,8.03,61.32,32.97,32.3
10/15/07,45.67,9.07,64.9,33.49,31.5
10/16/07,44.79,8.85,65.68,33.4,30.75
10/17/07,49.17,9.03,67.88,33.63,31.62
10/18/07,47.82,9.15,67.7,33.96,32
10/22/07,45.35,9.07,65.27,32.97,31.63
10/23/07,47.27,9.38,68.76,33.96,34.99
10/24/07,46.47,9.38,68.85,34.06,33.6
10/25/07,46.72,9.26,70.18,33.89,33.43
10/26/07,47.1,9.2,70.78,34.06,35.34
10/29/07,48.45,9.48,72.93,34.39,36.55
10/30/07,47.58,9.56,72.52,34.45,37.1
10/31/07,49.17,9.37,72.61,34.12,38.25
2011-01-07,46.88,9.63,72.01,34.42,38.6
2011-02-07,46.83,9.51,69.77,33.43,40.9
2011-05-07,42.71,8.7,64.9,31.61,41.69
2011-06-07,44.61,8.45,65.08,31.61,40.77
2011-07-07,42.49,8.38,65.73,31.18,39.5
2011-08-07,41.5,7.72,63.29,30.05,35.79
2011-09-07,40.96,7.83,62.65,29.42,34.29
2011-12-07,38.14,7.26,59.53,28.13,30.15
11/13/07,40.98,7.11,59.21,28.36,34.15
11/14/07,42.24,7.61,64.63,30.25,34.4
11/15/07,40.82,7.37,63.94,29.66,32.77
11/16/07,40.14,7.07,61.09,28.76,31.5
11/19/07,38.16,7.01,60.36,28.17,30.75
11/20/07,39.92,7.21,61.83,28.7,31.35
11/21/07,36.8,6.9,59.12,27.24,30.79
11/22/07,36.8,6.83,58.2,25.88,30.79
11/23/07,38.77,6.91,59.44,26.28,30.89
11/26/07,37.76,7.32,61.87,27.24,32.61
11/27/07,39.71,7.08,60.91,26.45,34.13
11/28/07,42.08,7,61.64,26.45,36.72
11/29/07,41.63,7.21,64.3,28,37.95
11/30/07,42.19,7.27,64.49,28.17,38.2
2012-03-07,41.07,7.24,64.35,28.4,38.53
2012-04-07,41.59,7.21,65.08,28.83,38.77
2012-05-07,44.05,7.46,66.55,29.26,39.22
2012-06-07,44.44,7.55,67.1,29.52,39.29
2012-07-07,42.62,7.68,65.59,28.93,39
2012-10-07,42.19,7.41,64.67,28.56,39.73
2012-11-07,40.18,7.56,66.87,29.09,37.84
2012-12-07,41.3,7.32,65.45,28.6,38.9
12/13/07,39.62,7,63.06,27.5,38.7
12/14/07,38.59,6.92,63.11,26.94,39.29
12/17/07,36.29,6.67,61.18,25.75,35.6
12/18/07,38.34,6.55,61,26.28,37.3
12/19/07,38.37,6.66,61.78,26.31,37.5
12/20/07,38.86,6.54,61.96,26.11,38.01
12/21/07,40.07,6.69,63.57,26.84,38.04
12/24/07,40.87,6.82,65.04,27.57,38.06
12/27/07,39.19,6.82,63.62,27.04,40.92
12/28/07,39.01,6.6,61.92,26.41,39.89
12/31/07,38.81,6.72,63.29,26.71,38.98
2001-02-08,38.24,6.58,62.47,26.45,38.19
2001-03-08,37.98,6.38,60.95,25.62,37.51
2001-04-08,37.26,6.86,62.15,26.21,36.1
2001-07-08,38.34,6.71,61.64,25.55,34.43
2001-08-08,37.8,6.69,61.32,25.29,34.52
2001-09-08,40.17,6.89,62.7,26.08,34.41
2001-10-08,40.48,6.75,62.15,25.92,33.95
2001-11-08,38.71,6.61,61.23,25.45,32.92
1/14/08,38.88,6.42,59.76,24.89,34.04
1/15/08,35.95,6.16,57.28,24.03,31.82
1/16/08,34.53,5.77,54.3,22.14,29.33
1/17/08,33.93,5.98,56.23,23.5,26.5
1/18/08,35.74,5.94,56.46,24.1,27.3
1/21/08,35.74,5.45,53.98,21.75,27.3
1/22/08,32.74,4.65,49.98,18.27,27.37
1/23/08,34.46,5.47,55.08,21.15,27.02
1/24/08,34.13,5.29,53.29,20.45,30.72
1/25/08,33.89,5.75,56.46,22.14,29.95
1/28/08,34.3,5.42,54.34,20.79,29.13
1/29/08,34,5.44,54.11,20.72,27.07
1/30/08,32.41,5.22,52.14,19.33,25.94
1/31/08,32.81,5.18,52.6,18.53,28
2002-01-08,34.32,5.53,53.88,19.46,26.96
2002-04-08,35.19,5.9,56.59,21.35,27.23
2002-05-08,32.76,5.91,56.5,21.12,25.35
2002-06-08,31.57,5.41,53.61,19.49,23
2002-11-08,32,5.13,51.87,18.7,24.67
2002-12-08,32.88,5.3,52.65,18.8,24.54
2/13/08,33.47,5.42,53.2,19.06,26.11
2/14/08,32.7,5.67,54.94,19.92,26.45
2/15/08,34.13,5.74,55.17,20.36,25.91
2/18/08,34.13,5.68,54.07,20.02,25.91
2/19/08,34.35,5.78,54.8,20.59,24.67
2/20/08,34.01,5.64,53.24,19.92,24.72
2/21/08,32.69,5.74,53.66,20.02,24.27
2/22/08,33.65,5.58,53.24,19.59,24.44
2/25/08,33.72,5.58,53.01,19.26,24.1
2/26/08,34.04,5.6,53.38,19.66,23.78
2/27/08,35.16,5.79,55.03,20.85,25.89
2/28/08,34.27,5.83,55.31,21.02,25.3
2/29/08,33.07,5.71,55.12,20.85,25.13
2003-03-08,33.35,5.45,53.29,19.86,24.05
2003-04-08,31.98,5.24,52.19,19.16,24.61
2003-05-08,32.58,5.22,52.51,19,24.22
2003-06-08,31.08,5.34,52.69,19.36,24.24
2003-07-08,30.98,5.09,50.58,18.77,24.29
2003-10-08,30.39,5.12,51.04,18.8,24.13
2003-11-08,33.35,5.15,50.76,18.87,26.04
2003-12-08,31.91,5.29,51.82,19.53,27.36
3/13/08,31.13,4.9,48.84,18.27,26.81
3/14/08,29.35,4.86,49.11,18.37,26.81
3/17/08,28.83,4.56,47.05,17.01,24.71
3/18/08,30.29,4.66,48.01,17.28,24.65
3/19/08,28.17,4.76,49.52,17.77,22.02
3/20/08,28.94,4.44,47.73,16.62,20.79
3/25/08,30.67,4.76,51.64,18.14,23.56
3/26/08,29.91,4.68,51.91,18.1,24.15
3/27/08,30.17,4.58,52.92,17.41,23.75
3/28/08,31.17,4.82,54.3,18.5,24.72
3/31/08,30.77,4.69,53.15,17.71,23.96
2004-01-08,33.07,4.76,54.07,18.01,27.33
2004-02-08,32.37,4.93,55.81,18.8,28.15
2004-03-08,33.71,5.05,56.82,19.66,28.66
2004-07-08,34.16,5.2,58.93,20.32,30
2004-08-08,33.25,5.13,57.56,19.89,29.59
2004-09-08,32.09,4.96,57.74,19.36,28.88
2004-10-08,33.17,4.87,58.66,19.69,29.2
2004-11-08,32.54,5.02,60.04,20.12,28.42
4/14/08,31.98,4.74,57.83,18.9,28.92
4/15/08,32.47,4.79,58.25,18.93,28.84
4/16/08,33.6,4.73,58.52,18.8,31.77
4/17/08,33.01,4.89,59.21,19.23,30.98
4/18/08,33.55,4.76,60.36,19.03,34.1
4/21/08,34.02,4.89,61.83,19.69,35.75
4/22/08,33.86,5.22,60.49,20.19,35.01
4/23/08,35.89,5.47,61.96,20.72,34.97
4/24/08,36.52,5.74,62.42,22.37,34.2
4/25/08,36.03,5.65,62.15,22.37,36.37
4/28/08,35.83,5.61,62.28,22.01,36.04
4/29/08,35.86,5.67,62.51,22.37,37.38
4/30/08,36.16,5.61,61.5,22.41,36.56
2005-02-08,37.26,5.85,62.34,23.2,36.15
2005-05-08,36.92,5.85,61.88,23.4,37.38
2005-06-08,37.17,5.86,62.52,23.33,37.04
2005-07-08,34.99,5.54,60.82,22.47,35.91
2005-08-08,35.51,5.42,60.27,21.94,35.52
2005-09-08,34.61,5.3,59.26,21.65,34.63
5/13/08,35.27,5.33,61.01,21.98,36.84
5/14/08,35.53,5.28,60.82,21.88,36.12
5/15/08,36.02,5.38,60.59,21.75,36.43
5/16/08,36.15,5.56,61.47,21.88,36.46
5/19/08,36.19,5.63,61.88,22.01,37.1
5/20/08,34.7,5.45,59.95,21.55,37.21
5/21/08,34.64,5.57,60.73,22.04,35.5
5/22/08,34.96,5.48,59.77,21.35,33.5
5/23/08,34.06,5.37,57.43,20.88,32.87
5/26/08,34.06,5.21,52.74,20.09,32.87
5/27/08,34.2,5.22,52.65,20.45,33.65
5/28/08,34.15,5.23,51.83,20.49,34.49
5/29/08,34.62,5.27,52.61,20.59,34.49
5/30/08,34.66,5.5,52.65,20.75,34.51
2006-02-08,34.84,5.62,53.98,21.38,33.78
2006-03-08,33.54,5.39,52.79,20.72,34.21
2006-04-08,33.16,5.31,52.15,20.33,34.45
2006-05-08,34.24,5.32,52.47,20.43,36.18
2006-06-08,32.24,5.39,52.74,20.63,34.5
2006-10-08,31.57,5.1,50.68,19.56,32.63
2006-11-08,30.81,5.06,49.99,19.52,31.9
2006-12-08,31.57,5.01,49.44,19.12,31.54
6/13/08,31.5,4.89,48.2,18.65,32.68
6/16/08,31.76,5.02,49.35,19.19,33.59
6/17/08,31.6,5.05,49.39,19.22,33.26
6/18/08,31.99,5.23,49.85,19.52,33.25
6/19/08,32.03,5.05,49.12,18.99,33.48
6/20/08,30.38,5.13,48.89,18.99,32.29
6/23/08,30.91,5.12,49.39,18.99,31.89
6/24/08,30.75,5.04,49.03,18.65,30.67
6/25/08,31.44,5.12,49.35,18.99,33.21
6/26/08,29.84,5.05,48.75,18.79,31.48
6/27/08,29.99,4.92,47.92,18.25,31.32
6/30/08,30.17,4.95,48.11,18.32,31.3
2007-02-08,28.94,4.84,47.1,17.68,31.2
2007-03-08,28.98,4.68,46.73,17.04,31.6
2007-04-08,28.98,4.74,47.65,17.14,31.6
2007-07-08,29.62,4.9,48.47,18.08,32.79
2007-08-08,30.19,4.72,47.14,17.41,33.46
2007-09-08,29.57,4.87,47.83,18.45,33.28
2007-10-08,30.71,4.87,47.01,18.82,32.93
2007-11-08,30.68,4.9,48.29,19.16,30.51
7/14/08,30.39,4.92,48.2,19.12,29.14
7/15/08,29.45,4.74,46.36,18.12,28.2
7/16/08,30.95,4.74,47.1,18.08,29.89
7/17/08,31.25,4.89,48.29,18.82,30.29
7/18/08,31.38,4.92,47.83,18.82,29.15
7/21/08,31.71,5.03,48.89,19.83,29.7
7/22/08,32.24,5.04,49.07,19.79,29.24
7/23/08,32.65,5.23,50.49,20.4,28.87
7/24/08,31.25,5.15,50.4,20.4,33.51
7/25/08,31.49,4.99,49.26,19.96,33.24
7/28/08,30.59,5.02,49.07,19.89,33.44
7/29/08,31.5,4.93,47.68,19.49,34.81
7/30/08,32.26,5.06,48.47,19.93,35.02
7/31/08,30.89,5.09,48.15,19.96,34.72
2008-01-08,31.4,5.16,48.57,20.23,34.42
2008-04-08,30.56,5.11,47.97,19.89,33.02
2008-05-08,31.15,4.98,46.96,19.52,33.03
2008-06-08,31.3,4.98,46.96,19.52,33.88
2008-07-08,29.53,5.01,46.78,19.7,32.76
2008-08-08,30.27,4.97,45.95,19.22,31.93
2008-11-08,29.68,4.99,45.44,19.02,30.44
2008-12-08,28.67,4.87,43.38,18.79,31.15
8/13/08,28.37,4.82,42.6,18.37,31.56
8/14/08,28.33,4.93,43.52,18.59,32.49
8/15/08,28.37,4.9,42.99,18.34,32.1
8/18/08,27.67,4.82,42.6,18.08,30.73
8/19/08,27.28,4.71,42.03,17.81,30.88
8/20/08,28.79,4.85,43.38,18.59,32.12
8/21/08,28.3,4.73,41.77,18.12,32.33
8/22/08,28.63,4.73,41.77,18.12,32.4
8/25/08,28.34,4.87,43.29,18.69,32.24
8/26/08,29.03,4.88,42.83,19.09,31.01
8/27/08,30.05,5.05,44.32,20.03,31.57
8/28/08,29.53,4.88,41.52,19.76,31.65
8/29/08,29.13,4.92,41.13,20.03,31.37
2009-01-08,29.13,4.84,40.17,19.63,31.37
2009-02-08,28.6,4.88,40.74,19.93,30.85
2009-03-08,27.81,4.72,39.66,19.42,29.33
2009-04-08,26.43,4.7,38.56,19.36,27.11
2009-05-08,27.1,4.57,37.64,18.99,27.07
2009-08-08,27.43,4.73,39.43,19.79,27.44
2009-09-08,25.99,4.61,38.56,19.46,25.41
2009-10-08,26.36,4.47,37.32,19.29,26.41
2009-11-08,25.81,4.27,35.35,18.59,28.25
2009-12-08,25.9,4.27,35.64,18.38,28.2
9/16/08,24.49,4,33.47,17.75,26.65
9/17/08,21.36,3.7,32.79,17.38,25.45
9/18/08,24.27,3.7,34.2,17.11,30.52
9/19/08,27.02,4.1,39.24,18.79,28.98
9/22/08,25.34,4.31,39.24,19.63,26.86
9/23/08,24.73,4.15,37.61,18.62,26.35
9/24/08,25.05,4.25,38.35,19.19,26.73
9/25/08,25.72,4.29,37.54,19.66,27.55
9/26/08,25.01,4.22,36.35,19.69,26.08
9/29/08,21.36,3.94,35.04,18.79,23.12
9/30/08,23.85,3.98,35.92,19.16,24.82
2010-02-08,22.63,4.05,37.23,19.79,23.35
2010-03-08,22.36,3.83,36.02,19.16,22.24
2010-06-08,20.83,3.57,33.92,18.45,22.77
2010-08-08,19.43,3.07,31.07,16.91,21.33
2010-09-08,17.99,3.17,32.42,17.28,20.62
2010-10-08,18.98,2.98,31.02,15.03,21.38
10/13/08,22.82,3.33,34.94,17.44,26.6
10/14/08,21.72,3.43,35.95,17.78,25.02
10/15/08,18.49,3.21,33.82,16.98,22.72
10/16/08,20.11,3.13,32.61,16.07,22.63
10/17/08,18.94,2.94,30.88,15.13,23.95
10/20/08,20.53,3.19,33.22,16.24,25.44
10/21/08,18.53,3.21,31.56,15.63,24.87
10/22/08,16.54,2.94,29.88,14.96,24.91
10/23/08,16.64,2.79,28.73,14.36,21.25
10/24/08,14.98,2.49,26.86,13.02,19.12
10/27/08,13.44,2.11,25.13,11.2,17.9
10/28/08,16.13,2.31,28.26,12.76,20.9
10/29/08,15.56,2.45,28.1,12.73,21.19
10/30/08,17.75,2.93,31.81,14.29,21.36
10/31/08,17.41,2.83,31.67,13.65,20.6
2011-03-08,17.61,2.96,33.08,14.09,20.47
2011-04-08,18.83,2.88,33.36,13.92,23.46
2011-05-08,17.05,3.01,33.45,14.53,21.73
2011-06-08,15.7,2.77,30.72,13.42,20.97
2011-07-08,17.71,2.84,31.81,13.86,21.8
2011-10-08,18.41,3.08,33.54,15.1,21.13
2011-11-08,17.33,2.95,31.81,14.22,19.08
2011-12-08,16.66,2.97,32.14,14.26,18.3
11/13/08,19.14,2.78,30.67,13.86,18.99
11/14/08,17.4,2.9,31.79,14.66,17.89
11/17/08,17.37,2.89,32.21,14.39,13.41
11/18/08,16.8,2.78,30.97,13.42,12.88
11/19/08,15.41,2.81,31.07,13.37,11.17
11/20/08,14.64,2.69,30.6,12.75,11.03
11/21/08,16.92,2.77,31.53,13.18,11.27
11/24/08,17.25,2.74,30.83,12.9,11.51
11/25/08,16.89,2.87,31.07,13.28,12.4
11/26/08,18.84,2.98,32.02,13.69,14.27
11/27/08,18.84,3.11,32.47,13.75,14.27
11/28/08,18.4,3.18,33.22,13.38,13.59
2012-01-08,17.02,3.26,33.99,13.72,11.63
2012-02-08,18.27,3.05,32.84,13.15,11.86
2012-03-08,18.85,3.12,33.66,13.52,11.37
2012-04-08,17.88,3.08,34.2,13.69,11.45
2012-05-08,19.25,3.11,35.27,14.49,10.91
2012-08-08,20.96,3.33,38.03,15.97,11.8
2012-09-08,20.12,3.34,36.44,15.5,10.94
2012-10-08,21.61,3.53,38.42,16.37,10.45
2012-11-08,20.84,3.61,38.47,16.51,11.13
2012-12-08,20.75,3.34,36.67,15.47,11.4
12/15/08,20.1,3.4,37.84,15.77,11.81
12/16/08,21.57,3.45,38.31,16.3,13.2
12/17/08,21.28,3.58,39.57,16.64,13.55
12/18/08,21.09,3.6,39.38,17.11,13.07
12/19/08,21.14,3.48,38.07,16.44,13.11
12/22/08,20.1,3.39,35.97,15.77,12.31
12/23/08,19.23,3.2,35.27,15.16,12.5
12/24/08,19.48,3.16,34.8,15.26,12.37
12/29/08,19.67,3.26,35.92,15.53,12.19
12/30/08,20.03,3.33,35.6,15.7,12.69
12/31/08,20.26,3.38,36.35,15.8,13.06
2001-02-09,21.67,3.58,37.93,16.61,13.54
2001-05-09,21.92,3.83,39.71,17.18,13.78
2001-06-09,21.99,3.89,38.77,17.14,13.57
2001-07-09,20.41,3.7,36.65,16.4,12.73
2001-08-09,20.05,3.51,35.5,15.87,12.47
2001-09-09,19.3,3.49,35.18,15.83,12.06
2001-12-09,18.23,3.32,34.34,15.26,11.41
1/13/09,18.03,3.19,33.73,14.76,11.55
1/14/09,17.54,3.26,34.01,15.13,10.98
1/15/09,17.84,3.09,32.89,14.76,10.94
1/16/09,18.08,3.04,32.33,14.9,11.59
1/19/09,18.08,3.07,32.3,15.03,11.59
1/20/09,16.54,3,32.68,14.73,10.97
1/21/09,17.49,2.88,32.35,13.62,11.09
1/22/09,16.61,2.86,31.84,13.55,11.25
1/23/09,17.07,2.77,31.98,13.35,11.19
1/29/09,17.09,2.89,32.7,13.92,12.86
1/30/09,17.49,2.89,32.94,13.96,12.88
2002-02-09,17.41,2.83,32.02,13.69,12.55
2002-03-09,17.78,2.81,32.37,13.99,12.52
2002-04-09,18.26,2.94,33.29,14.63,12.9
2002-05-09,18.93,2.99,33.75,15.2,12.53
2002-06-09,19.83,3.14,35.46,15.8,12.46
2002-09-09,19.68,3.19,35.39,15.77,14.06
2002-10-09,18.71,3.28,35.71,15.97,13.08
2002-11-09,18.79,3.18,34.8,15.63,13.39
2002-12-09,18.43,3.07,33.92,15.16,13.2
2/13/09,18.68,3.17,34.9,15.73,12.82
2/16/09,18.68,3.17,34.5,15.73,12.82
2/17/09,17.35,2.98,32.98,14.9,12.23
2/18/09,17.81,2.94,33.4,15.06,12.81
2/19/09,17.81,2.94,32.7,15.2,13.26
2/20/09,17.51,2.85,31.86,14.79,13.63
2/23/09,17.28,2.95,33.47,15.57,13.18
2/24/09,18.22,2.84,32.51,15.06,14.28
2/25/09,17.77,2.87,32.91,15.3,14.38
2/26/09,17.28,2.78,32,15,14.59
2/27/09,16.93,2.75,31.77,14.63,14.83
2003-02-09,15.88,2.59,30.53,13.89,13.72
2003-03-09,16.23,2.56,30.65,14.09,14.46
2003-04-09,17.74,2.66,31.63,14.76,15.73
2003-05-09,16.71,2.61,31.04,14.63,16.15
2003-06-09,16.72,2.54,30.37,14.29,15.7
2003-09-09,16.5,2.54,29.43,14.12,15.51
2003-10-09,17.84,2.63,29.95,14.36,16.66
2003-11-09,17.49,2.71,30.55,14.9,16.82
2003-12-09,18.09,2.7,30.76,15.16,16.94
3/13/09,18.42,2.86,31.63,15.9,17.27
3/16/09,18.87,2.96,32.51,16.94,16.13
3/17/09,19.15,2.89,31.35,16.1,17.54
3/18/09,19.3,2.96,31.81,16.4,17.5
3/19/09,18.95,3.02,31.16,16.74,17.52
3/20/09,18.4,2.97,29.48,16.37,17.52
3/23/09,20.26,3.2,30.93,17.21,18.26
3/24/09,19.86,3.23,31.42,17.31,18.83
3/25/09,19.95,3.22,31.32,17.01,18.38
3/26/09,21.01,3.34,32.61,17.75,18.64
3/27/09,20.69,3.31,32.54,17.55,18.32
3/30/09,19.36,3.1,31.18,16.77,17.3
3/31/09,19.87,3.07,31.53,17.24,17.66
2004-01-09,20.36,3.04,30.67,17.11,17.48
2004-02-09,21.46,3.21,31.91,18.12,18.49
2004-03-09,21.56,3.24,32,17.98,18.75
2004-06-09,21.53,3.35,32.79,18.55,18.64
2004-07-09,21.1,3.28,32.47,18.35,17.74
2004-08-09,21.25,3.16,31.32,17.85,18.26
2004-09-09,22.19,3.26,31.98,18.72,19.03
4/14/09,22.34,3.4,32.61,18.95,19.8
4/15/09,23.05,3.47,34.17,18.82,19.6
4/16/09,22.95,3.39,34.64,18.75,20.34
4/17/09,22.6,3.35,34.57,18.75,21.01
4/20/09,21.85,3.42,34.71,18.92,20
4/21/09,22.45,3.32,32.94,18.62,20.46
4/22/09,21.69,3.26,32.02,17.81,20.83
4/23/09,22.09,3.38,32.47,18.54,21.25
4/24/09,22.51,3.39,32.28,18.61,21.75
4/27/09,21.52,3.3,31.42,18,22.49
4/28/09,21.28,3.24,30.95,17.5,22.12
4/29/09,22.26,3.31,31.67,18.04,22.73
4/30/09,22.28,3.41,31.44,18.51,23.29
2005-04-09,24.49,3.68,33.85,19.42,24.83
2005-05-09,23.89,3.74,34.15,19.32,24.98
2005-06-09,24.68,3.82,34.48,19.63,25.57
2005-07-09,23.93,3.97,34.69,19.8,24.7
2005-08-09,25.02,4.13,35.62,19.63,24.6
2005-11-09,23.94,4.11,35.18,19.19,23.95
2005-12-09,23.94,4.03,35.67,19.12,24.12
5/13/09,23.39,4.18,35.01,19.02,23.1
5/14/09,23.52,3.98,34.17,18.48,23.46
5/15/09,23.46,4.02,33.73,18.65,23.5
5/18/09,24.84,4.09,33.78,18.58,24.36
5/19/09,24.94,4.29,34.64,18.98,24.7
5/20/09,24.65,4.32,34.85,18.88,24.7
5/21/09,24.19,4.3,34.45,18.54,24.05
5/22/09,24.17,4.26,34.24,18.31,23.99
5/25/09,24.17,4.22,34.32,18.17,23.99
5/26/09,24.47,4.18,33.91,17.97,24.74
5/27/09,24.63,4.42,35.6,18.78,25.11
5/29/09,26.03,4.51,36.05,19.12,26.38
2006-01-09,27.54,4.77,38.25,20.37,28.6
2006-02-09,26.97,4.59,36.77,19.8,27.8
2006-03-09,26.49,4.68,37.46,20.17,28.69
2006-04-09,26.99,4.63,37.32,20.2,29.34
2006-05-09,27.2,4.77,37.75,20.3,30.41
2006-08-09,26.85,4.65,37.77,19.9,30.39
2006-09-09,26.52,4.59,37.79,19.7,30.92
2006-10-09,27.29,4.78,39.51,20.68,29.83
2006-11-09,27.95,4.77,39.58,20.58,30.07
2006-12-09,27.56,4.72,38.82,20.41,28.9
6/15/09,26.63,4.56,38.01,19.86,29.23
6/16/09,25.93,4.45,37.06,19.53,28.9
6/17/09,26.02,4.39,36.77,19.42,29.59
6/18/09,25.89,4.29,36.25,19.15,29.4
6/19/09,25.96,4.3,36.27,19.05,29.76
6/22/09,25.36,4.29,36.41,19.12,27.8
6/23/09,25.17,4.1,35.55,18.65,27.28
6/24/09,25.92,4.21,36.05,18.92,28.33
6/25/09,26.68,4.29,36.67,19.26,29.32
6/26/09,26.96,4.41,37.48,19.66,30.12
6/29/09,27.25,4.38,37.63,19.46,29.82
6/30/09,26.96,4.36,36.96,19.29,30.11
2007-02-09,26.31,4.35,36.27,19.36,28.95
2007-03-09,26.31,4.33,36.41,19.7,28.95
2007-06-09,26.82,4.23,35.91,19.76,28.58
2007-07-09,25.86,4.15,35.53,19.56,27.61
2007-08-09,25.66,4.05,35.17,19.63,27.49
2007-09-09,26.11,4.09,35.53,20.64,28.17
2007-10-09,25.91,4.03,35.17,20.78,28.42
7/13/09,25.8,3.89,34.27,20.07,29.06
7/14/09,26.3,4.05,35.22,20.68,29.91
7/15/09,27.42,4.13,35.58,20.74,31.58
7/16/09,27.22,4.16,35.84,20.71,32.25
7/17/09,27.65,4.29,36.48,20.85,32.16
7/20/09,28.76,4.44,37.67,22.2,33.62
7/21/09,28.62,4.46,36.72,22.61,33.21
7/22/09,28.41,4.47,35.89,22.44,32.46
7/23/09,29.56,4.59,36.39,23.55,33.26
7/24/09,29.7,4.66,36.72,23.59,35.81
7/27/09,29.99,4.73,38.27,23.62,35.68
7/28/09,30.13,4.82,39.82,23.86,35.11
7/29/09,29,4.63,39.17,23.18,34.45
7/30/09,29.52,4.6,38.79,22.98,35.18
7/31/09,29.42,4.67,38.77,23.25,34.81
2008-03-09,30.61,4.74,39.17,23.79,35.44
2008-04-09,30.07,4.67,38.63,23.28,35.14
2008-05-09,29.37,4.63,38.6,23.18,34.7
2008-06-09,29.51,4.77,41.48,23.42,34.13
2008-07-09,29.38,4.57,42.18,22.67,34.7
2008-10-09,29.43,4.66,43.6,23.01,35.19
2008-11-09,29.07,4.68,43.48,23.05,34.58
2008-12-09,29.19,4.46,41.82,22.64,34.86
8/13/09,29.36,4.56,42.41,23.11,34.72
8/14/09,28.84,4.54,42.27,22.74,33.96
8/17/09,27.5,4.31,40.08,21.76,32.16
8/18/09,28.13,4.34,40.15,21.9,32.74
8/19/09,28.15,4.29,39.56,21.69,33.08
8/20/09,28.53,4.49,39.46,22.2,33.92
8/21/09,28.66,4.36,38.1,22.03,34.5
8/24/09,28.39,4.47,37.65,22.37,34.5
8/25/09,28.48,4.43,37.48,22.5,34.78
8/26/09,28.29,4.49,37.53,23.21,34.37
8/27/09,28.32,4.48,37.27,22.98,34.01
8/28/09,27.98,4.47,36.98,22.5,33.95
8/31/09,27.63,4.34,35.91,22.13,33.01
2009-01-09,26.99,4.4,36.27,21.93,31.88
2009-02-09,27.21,4.32,35.58,21.96,32.49
2009-03-09,27.89,4.36,35.77,22.57,32.95
2009-04-09,28.9,4.47,36.94,22.88,34.33
2009-07-09,28.9,4.5,36.89,23.15,34.33
2009-08-09,29.77,4.64,37.91,23.69,35.72
2009-09-09,29.64,4.61,37.36,23.38,36.36
2009-10-09,29.92,4.65,37.91,23.49,37.24
2009-11-09,29.79,4.72,38.1,23.59,36.99
9/14/09,29.8,4.64,37.47,23.21,37.95
9/15/09,29.72,4.62,37.06,23.15,39.75
9/16/09,30.78,4.75,37.79,23.69,40.29
9/17/09,30.61,4.83,38.03,24.43,39.92
9/18/09,30.47,4.79,37.76,24.43,40
9/21/09,30.06,4.76,37.98,23.99,40.03
9/22/09,30.32,4.83,38.9,24.47,39.63
9/23/09,29.74,4.83,39.19,24.09,39.49
9/24/09,28.95,4.69,38.2,23.32,39.02
9/25/09,28.97,4.64,37.93,23.42,38.76
9/28/09,29.07,4.51,36.72,22.67,39.6
9/29/09,29.07,4.58,36.99,23.08,39.44
9/30/09,28.76,4.51,36.62,22.84,39.1
2010-02-09,27.77,4.45,35.85,22.23,37.52
2010-05-09,28.44,4.45,36.31,22.37,38.19
2010-06-09,29.19,4.58,37.16,23.15,40.1
2010-07-09,29.53,4.75,37.76,23.69,41.38
2010-08-09,30.03,4.8,37.86,23.99,41.27
2010-09-09,30.14,4.8,37.42,23.99,42.71
2010-12-09,29.83,4.75,37.23,23.59,41.35
10/13/09,30.06,4.87,37.64,23.86,40.75
10/14/09,31.13,5.13,38.27,24.33,41.02
10/15/09,31.03,5.15,37.96,24.09,39.99
10/16/09,30.34,5.14,38.15,24.2,39.58
10/19/09,31.27,5.29,38.42,24.64,41.1
10/20/09,31.05,5.28,38.15,24.6,40.87
10/21/09,30.86,5.24,37.42,24.64,40.59
10/22/09,31.15,5.21,36.96,24.16,41.56
10/23/09,31.17,5.39,37.2,25.55,43.53
10/27/09,30.82,5.28,36.7,25.69,38.37
10/28/09,29.65,5.12,36.16,25.04,39.68
10/29/09,30.38,4.91,35.75,24.53,39.34
10/30/09,29.31,4.94,35.85,24.74,37.79
2011-02-09,30.04,4.88,35.75,25.11,37.54
2011-03-09,29.9,4.79,35.15,24.43,38.3
2011-04-09,30.35,4.96,35.8,25.18,38.64
2011-05-09,31.07,4.98,35.44,24.84,39.62
2011-06-09,31.04,5.06,35.8,25.35,40.97
2011-09-09,32.13,5.17,35.53,25.99,42.59
2011-10-09,31.88,5.21,35.53,26.02,42.81
2011-11-09,31.95,5.2,36.55,26.36,43.05
2011-12-09,31.36,5.19,36.02,25.96,42.72
11/13/09,31.89,5.12,35.73,26.19,43.25
11/16/09,32.57,5.19,35.9,26.46,43.83
11/17/09,32.48,5.21,35.99,26.26,44.15
11/18/09,32.06,5.21,36.89,26.43,43.51
11/19/09,31.39,5.19,37.52,26.09,42.8
11/20/09,31.34,5.13,37.13,26.02,42.76
11/23/09,32.04,5.16,37.11,26.67,43.9
11/24/09,31.63,5.06,36.43,26.36,43.55
11/25/09,31.74,5.18,36.45,27.55,44.22
11/26/09,31.74,5.08,36.02,27.04,44.22
11/27/09,30.3,4.83,34.76,25.45,43.97
11/30/09,30.71,4.94,35.17,26.26,43.37
2012-01-09,31.56,5.02,35.39,26.43,43.56
2012-02-09,31.62,5.09,35.78,26.43,43.47
2012-03-09,31.4,5.1,35.82,27.04,42.79
2012-04-09,31.86,5.1,35.9,27.75,42.53
2012-07-09,31.37,5.06,35.39,27.75,42.1
2012-08-09,30.68,4.99,35.05,27.28,41.88
2012-09-09,30.63,4.9,34.69,26.73,42.65
2012-10-09,30.59,4.91,34.44,26.84,42.23
2012-11-09,30.63,4.95,34.08,26.8,41.81
12/14/09,30.75,4.98,34.56,26.87,42.45
12/15/09,30.42,4.89,34.73,26.33,42.4
12/16/09,30.18,4.84,34.71,26.23,42.63
12/17/09,29.35,4.79,34.3,25.82,41.58
12/18/09,29.16,4.73,34.54,25.58,41.44
12/21/09,29.24,4.67,33.93,24.57,40.74
12/22/09,29.19,4.62,33.84,24.94,39.88
12/23/09,29.51,4.69,33.72,25.35,41.42
12/24/09,29.94,4.78,33.72,25.48,41.6
12/28/09,29.8,4.81,33.81,25.55,42.43
12/29/09,29.7,4.81,33.74,25.62,41.96